"Code","Full Description","Class"
"33860","ASCENDING AORTIC GRAFT","AAA"
"33863","ASCENDING AORTIC GRAFT","AAA"
"33864","ASCENDING AORTIC GRAFT","AAA"
"33870","TRANSVERSE ARCH GRAFT, WITH CARDIOP","AAA"
"33875","THORACIC AORTIC GRAFT","AAA"
"33877","THORACOABDOMINAL GRAFT","AAA"
"33880","ENDOVASC TAA REPR INCL SUBCL","AAA"
"33881","ENDOVASC TAA REPR W/O SUBCL","AAA"
"34701","EVASC RPR A-AO NDGFT","AAA"
"34702","EVASC RPR A-AO NDGFT RPT","AAA"
"34703","EVASC RPR A-UNILAC NDGFT","AAA"
"34704","EVASC RPR A-UNILAC NDGFT RPT","AAA"
"34705","EVAC RPR A-BIILIAC NDGFT","AAA"
"34706","EVASC RPR A-BIILIAC RPT","AAA"
"34800","ENDOVAS AAA REPR W/SM TUBE","AAA"
"34802","ENDOVAS AAA REPR W/2-P PART","AAA"
"34803","ENDOVAS AAA REPR W/3-P PART","AAA"
"34804","ENDOVAS AAA REPR W/1-P PART","AAA"
"34805","ENDOVAS AAA REPR W/LONG TUBE","AAA"
"34808","ENDOVAS ILIAC A DEVICE ADDON","AAA"
"34825","ENDOVASC EXTEND PROSTH INIT","AAA"
"34826","ENDOVASC EXTEN PROSTH ADDL","AAA"
"34830","OPEN AORTIC TUBE PROSTH REPR","AAA"
"34831","OPEN AORTOILIAC PROSTH REPR","AAA"
"34832","OPEN AORTOFEMOR PROSTH REPR","AAA"
"35081","REPAIR DEFECT OF ARTERY","AAA"
"35082","REPAIR ARTERY RUPTURE AORTA","AAA"
"35091","REPAIR DEFECT OF ARTERY","AAA"
"35092","REPAIR ARTERY RUPTURE AORTA","AAA"
"35102","REPAIR DEFECT OF ARTERY","AAA"
"35103","REPAIR ARTERY RUPTURE AORTA","AAA"
"27125","HEMIARTHROPLASTY, HIP, PARTIAL (EG,","THA"
"27130","TOTAL HIP ARTHROPLASTY","THA"
"27132","TOTAL HIP ARTHROPLASTY","THA"
"27134","REVISION OF TOTAL HIP ARTHROPLASTY;","THA"
"27137","REVISE HIP JOINT REPLACEMENT","THA"
"27138","REVISION OF TOTAL HIP ARTHROPLASTY;","THA"
"29914","HIP ARTHRO W/FEMOROPLASTY","THA"
"29915","HIP ARTHRO ACETABULOPLASTY","THA"
"29916","HIP ARTHRO W/LABRAL REPAIR","THA"
"S2118",NA,"THA"
"27420","REVISION OF UNSTABLE KNEECAP","TKA"
"27422","REVISION OF UNSTABLE KNEECAP","TKA"
"27424","REVISION/REMOVAL OF KNEECAP","TKA"
"27427","RECONSTRUCTION KNEE","TKA"
"27428","RECONSTRUCTION KNEE","TKA"
"27429","RECONSTRUCTION KNEE","TKA"
"27437","REVISE KNEECAP","TKA"
"27438","REVISE KNEECAP WITH IMPLANT","TKA"
"27440","REVISION OF KNEE JOINT","TKA"
"27441","REVISION OF KNEE JOINT","TKA"
"27442","REVISION OF KNEE JOINT","TKA"
"27443","REVISION OF KNEE JOINT","TKA"
"27445","REVISION OF KNEE JOINT","TKA"
"27446","REVISION OF KNEE JOINT","TKA"
"27447","TOTAL KNEE ARTHROPLASTY","TKA"
"27486","REVISE/REPLACE KNEE JOINT","TKA"
"27487","REVISE/REPLACE KNEE JOINT","TKA"
"G0428",NA,"TKA"
"44950","APPENDECTOMY;","appendectomy"
"44955","APPENDECTOMY ADD-ON","appendectomy"
"44960","APPENDECTOMY; FOR RUPTURED APPENDIX","appendectomy"
"44970","LAPAROSCOPY APPENDECTOMY","appendectomy"
"47400","INCISION OF LIVER DUCT","chole"
"47420","INCISION OF BILE DUCT","chole"
"47425","INCISION OF BILE DUCT","chole"
"47460","TRANSDUODENAL SPHINCTEROTOMY OR SPH","chole"
"47550","BILE DUCT ENDOSCOPY ADD-ON","chole"
"47562","LAPAROSCOPY, SURGICAL; CHOLECYSTECT","chole"
"47563","LAPARO CHOLECYSTECTOMY/GRAPH","chole"
"47564","LAPARO CHOLECYSTECTOMY/EXPLR","chole"
"47600","CHOLECYSTECTOMY","chole"
"47605","CHOLECYSTECTOMY W/CHOLANG","chole"
"47610","CHOLECYSTECTOMY WITH EXPLORATION OF","chole"
"47612","CHOLECYSTECTOMY WITH EXPLORATION OF","chole"
"47620","REMOVAL OF GALLBLADDER","chole"
"44120","REMOVAL OF SMALL INTESTINE","colectomy"
"44140","PARTIAL REMOVAL OF COLON","colectomy"
"44141","PARTIAL REMOVAL OF COLON","colectomy"
"44143","PARTIAL REMOVAL OF COLON","colectomy"
"44144","PARTIAL REMOVAL OF COLON","colectomy"
"44145","COLECTOMY, PARTIAL; WITH COLOPROCTO","colectomy"
"44146","COLECTOMY, PARTIAL; WITH COLOPROCTO","colectomy"
"44147","PARTIAL REMOVAL OF COLON","colectomy"
"44150","REMOVAL OF COLON","colectomy"
"44151","REMOVAL OF COLON/ILEOSTOMY","colectomy"
"44155","REMOVAL OF COLON/ILEOSTOMY","colectomy"
"44156","REMOVAL OF COLON/ILEOSTOMY","colectomy"
"44157","COLECTOMY W/ILEOANAL ANAST","colectomy"
"44158","COLECTOMY W/NEO-RECTUM POUCH","colectomy"
"44160","COLECTOMY, PARTIAL, WITH REMOVAL OF","colectomy"
"44204","LAPAROSCOPY, SURGICAL; COLECTOMY, P","colectomy"
"44205","LAPAROSCOPY, SURGICAL; COLECTOMY, P","colectomy"
"44206","LAP PART COLECTOMY W/STOMA","colectomy"
"44207","LAPAROSCOPY, SURGICAL; COLECTOMY, P","colectomy"
"44208","L COLECTOMY/COLOPROCTOSTOMY","colectomy"
"44210","LAPAROSCOPY, SURGICAL; COLECTOMY, T","colectomy"
"44211","LAP COLECTOMY W/PROCTECTOMY","colectomy"
"44212","LAPARO TOTAL PROCTOCOLECTOMY","colectomy"
"45110","REMOVAL OF RECTUM","colectomy"
"45111","PARTIAL REMOVAL OF RECTUM","colectomy"
"45112","REMOVAL OF RECTUM","colectomy"
"45113","PARTIAL PROCTECTOMY","colectomy"
"45114","PARTIAL REMOVAL OF RECTUM","colectomy"
"45116","PARTIAL REMOVAL OF RECTUM","colectomy"
"45119","REMOVE RECTUM W/RESERVOIR","colectomy"
"45120","REMOVAL OF RECTUM","colectomy"
"45121","REMOVAL OF RECTUM AND COLON","colectomy"
"45395","LAP REMOVAL OF RECTUM","colectomy"
"45397","LAP REMOVE RECTUM W/POUCH","colectomy"
"61304","CRNEC/CRNOT EXPL SUPRATNTORL","craniotomy"
"61305","CRNEC/CRNOT EXPL INFRATNTORL","craniotomy"
"61312","CRNEC/CRNOT STTL XDRL/SDRL","craniotomy"
"61313","CRNEC/CRNOT STTL ICERE","craniotomy"
"61314","CRNEC/CRNOT ITTL XDRL/SDRL","craniotomy"
"61315","CRNEC/CRNOT ITTL NTRACEREBLR","craniotomy"
"61322","CRNEC/CRNOT DCMPRV W/O LOBEC","craniotomy"
"61323","CRNEC/CRNOT DCMPRV W/LOBEC","craniotomy"
"61510","CRNEC TREPH EXC BRN TUM STTL","craniotomy"
"61512","CRNEC TREPH EXC MNGIOMA STTL","craniotomy"
"61518","REMOVAL OF BRAIN LESION","craniotomy"
"61519","REMOVE BRAIN LINING LESION","craniotomy"
"61520","REMOVAL OF BRAIN LESION","craniotomy"
"61521","REMOVAL OF BRAIN LESION","craniotomy"
"61522","REMOVAL OF BRAIN ABSCESS","craniotomy"
"61526","REMOVAL OF BRAIN LESION","craniotomy"
"61530","REMOVAL OF BRAIN LESION","craniotomy"
"61545","EXCISION OF BRAIN TUMOR","craniotomy"
"61546","REMOVAL OF PITUITARY GLAND","craniotomy"
"35521","ART BYP GRFT AXILL-FEMORAL","femPop"
"35533","ART BYP GRFT AXILL/FEM/FEM","femPop"
"35537","ART BYP GRFT AORTOILIAC","femPop"
"35538","ART BYP GRFT AORTOBI-ILIAC","femPop"
"35539","ART BYP GRFT AORTOFEMORAL","femPop"
"35540","ART BYP GRFT AORTBIFEMORAL","femPop"
"35556","ART BYP GRFT FEM-POPLITEAL","femPop"
"35583","VEIN BYP GRFT FEM-POPLITEAL","femPop"
"35621","ART BYP AXILLARY-FEMORAL","femPop"
"35623","ART BYP AXILLARY-POP-TIBIAL","femPop"
"35637","ART BYP AORTOILIAC","femPop"
"35646","ART BYP AORTOBIFEMORAL","femPop"
"35647","ART BYP AORTOFEMORAL","femPop"
"35656","ART BYP FEMORAL-POPLITEAL","femPop"
"35663","ART BYP ILIOILIAC","femPop"
"35665","ART BYP ILIOFEMORAL","femPop"
"35666","ART BYP FEM-ANT-POST TIB/PRL","femPop"
"27175","TREATMENT OF SLIPPED FEMORAL EPIPHY","femur"
"27176","TREAT SLIPPED EPIPHYSIS","femur"
"27177","TREAT SLIPPED EPIPHYSIS","femur"
"27178","TREAT SLIPPED EPIPHYSIS","femur"
"27179","REVISE HEAD/NECK OF FEMUR","femur"
"27181","TREAT SLIPPED EPIPHYSIS","femur"
"27185","EPIPHYSEAL ARREST BY EPIPHYSIODESIS","femur"
"27187","REINFORCE HIP BONES","femur"
"27220","TREAT HIP SOCKET FRACTURE","femur"
"27222","TREAT HIP SOCKET FRACTURE","femur"
"27230","TREAT THIGH FRACTURE","femur"
"27232","TREAT THIGH FRACTURE","femur"
"27235","TREAT THIGH FRACTURE","femur"
"27236","TREAT THIGH FRACTURE","femur"
"27238","TREAT THIGH FRACTURE","femur"
"27240","TREAT THIGH FRACTURE","femur"
"27244","TREAT THIGH FRACTURE","femur"
"27245","TREAT THIGH FRACTURE","femur"
"27246","TREAT THIGH FRACTURE","femur"
"27248","TREAT THIGH FRACTURE","femur"
"27250","TREAT HIP DISLOCATION","femur"
"27252","TREAT HIP DISLOCATION","femur"
"27253","TREAT HIP DISLOCATION","femur"
"27254","TREAT HIP DISLOCATION","femur"
"27256","TREAT HIP DISLOCATION","femur"
"27257","TREAT HIP DISLOCATION","femur"
"27258","TREAT HIP DISLOCATION","femur"
"27259","TREAT HIP DISLOCATION","femur"
"27265","CLOSED TREATMENT OF POST HIP ARTHRO","femur"
"27266","CLOSED TREATMENT OF POST HIP ARTHRO","femur"
"27267","CLTX THIGH FX","femur"
"27268","CLTX THIGH FX W/MNPJ","femur"
"27269","OPTX THIGH FX","femur"
"27472","REPAIR/GRAFT OF THIGH","femur"
"27495","REINFORCE THIGH","femur"
"27500","TREATMENT OF THIGH FRACTURE","femur"
"27501","TREATMENT OF THIGH FRACTURE","femur"
"27502","TREATMENT OF THIGH FRACTURE","femur"
"27503","TREATMENT OF THIGH FRACTURE","femur"
"27506","TREATMENT OF THIGH FRACTURE","femur"
"27507","TREATMENT OF THIGH FRACTURE","femur"
"27508","TREATMENT OF THIGH FRACTURE","femur"
"27509","TREATMENT OF THIGH FRACTURE","femur"
"27510","TREATMENT OF THIGH FRACTURE","femur"
"27511","TREATMENT OF THIGH FRACTURE","femur"
"27513","TREATMENT OF THIGH FRACTURE","femur"
"27514","TREATMENT OF THIGH FRACTURE","femur"
"27516","TREAT THIGH FX GROWTH PLATE","femur"
"27517","TREAT THIGH FX GROWTH PLATE","femur"
"27519","TREAT THIGH FX GROWTH PLATE","femur"
"43644","LAP GASTRIC BYPASS/ROUX-EN-Y","gastricBypass"
"43644r",NA,"gastricBypass"
"43645","LAP GASTR BYPASS INCL SMLL I","gastricBypass"
"43770","LAP PLACE GASTR ADJ DEVICE","gastricBypass"
"43771","LAP REVISE GASTR ADJ DEVICE","gastricBypass"
"43772","LAP RMVL GASTR ADJ DEVICE","gastricBypass"
"43773","LAP REPLACE GASTR ADJ DEVICE","gastricBypass"
"43774","LAP RMVL GASTR ADJ ALL PARTS","gastricBypass"
"43775","LAP SLEEVE GASTRECTOMY","gastricBypass"
"43842","V-BAND GASTROPLASTY","gastricBypass"
"43843","GASTROPLASTY W/O V-BAND","gastricBypass"
"43845","GASTROPLASTY DUODENAL SWITCH","gastricBypass"
"43846","GASTRIC BYPASS FOR OBESITY","gastricBypass"
"43847","GASTRIC BYPASS INCL SMALL I","gastricBypass"
"43848","REVISION GASTROPLASTY","gastricBypass"
"43886","REVISE GASTRIC PORT OPEN","gastricBypass"
"43887","REMOVE GASTRIC PORT OPEN","gastricBypass"
"43888","CHANGE GASTRIC PORT OPEN","gastricBypass"
"C9784",NA,"gastricBypass"
"C9785",NA,"gastricBypass"
"47120","HEPATECTOMY, RESECTION OF LIVER; PA","liver"
"47122","HEPATECTOMY, RESECTION OF LIVER; TR","liver"
"47125","HEPATECTOMY, RESECTION OF LIVER; TO","liver"
"47130","HEPATECTOMY, RESECTION OF LIVER; TO","liver"
"47379","UNLISTED LAPS PX LIVER","liver"
"32440","REMOVE LUNG PNEUMONECTOMY","lung"
"32442","SLEEVE PNEUMONECTOMY","lung"
"32445","REMOVAL OF LUNG EXTRAPLEURAL","lung"
"32480","PARTIAL REMOVAL OF LUNG","lung"
"32482","BILOBECTOMY","lung"
"32484","SEGMENTECTOMY","lung"
"32486","SLEEVE LOBECTOMY","lung"
"32488","COMPLETION PNEUMONECTOMY","lung"
"32491","LUNG VOLUME REDUCTION","lung"
"32491T",NA,"lung"
"32501","REPAIR BRONCHUS ADD-ON","lung"
"32505","WEDGE RESECT OF LUNG INITIAL","lung"
"32506","WEDGE RESECT OF LUNG ADD-ON","lung"
"32663","THORACOSCOPY W/LOBECTOMY","lung"
"32666","THORACOSCOPY W/WEDGE RESECT","lung"
"32667","THORACOSCOPY W/W RESECT ADDL","lung"
"32668","THORACOSCOPY W/W RESECT DIAG","lung"
"32669","THORACOSCOPY REMOVE SEGMENT","lung"
"32670","THORACOSCOPY BILOBECTOMY","lung"
"32671","THORACOSCOPY PNEUMONECTOMY","lung"
"32672","THORACOSCOPY FOR LVRS","lung"
"32850","DONOR PNEUMONECTOMY","lung"
"G0302",NA,"lung"
"G0303",NA,"lung"
"G0304",NA,"lung"
"G0305",NA,"lung"
"S2061",NA,"lung"
"31390","REMOVAL OF LARYNX & PHARYNX","neckDissection"
"31395","RECONSTRUCT LARYNX & PHARYNX","neckDissection"
"38542","EXPLORE DEEP NODE(S) NECK","neckDissection"
"38700","REMOVAL OF LYMPH NODES NECK","neckDissection"
"38720","REMOVAL OF LYMPH NODES NECK","neckDissection"
"38724","REMOVAL OF LYMPH NODES NECK","neckDissection"
"38746","REMOVE THORACIC LYMPH NODES","neckDissection"
"41135","TONGUE AND NECK SURGERY","neckDissection"
"41145","TONGUE REMOVAL NECK SURGERY","neckDissection"
"41155","TONGUE JAW & NECK SURGERY","neckDissection"
"42426","EXCISE PAROTID GLAND/LESION","neckDissection"
"69155","EXTENSIVE EAR/NECK SURGERY","neckDissection"
"22206","INCIS SPINE 3 COLUMN THORAC","spineDecompression"
"22207","INCIS SPINE 3 COLUMN LUMBAR","spineDecompression"
"22208","INCIS SPINE 3 COLUMN ADL SEG","spineDecompression"
"22214","INCIS 1 VERTEBRAL SEG LUMBAR","spineDecompression"
"22216","INCIS ADDL SPINE SEGMENT","spineDecompression"
"22856","TOT DISC ARTHRP 1NTRSPC CRV","spineDecompression"
"22867","INSJ STABLJ DEV W/DCMPRN","spineDecompression"
"62287","DCMPRN PX PERQ 1/MLT LUMBAR","spineDecompression"
"63001","REMOVE SPINE LAMINA 1/2 CRVL","spineDecompression"
"63003","REMOVE SPINE LAMINA 1/2 THRC","spineDecompression"
"63011","REMOVE SPINE LAMINA 1/2 SCRL","spineDecompression"
"63012","REMOVE LAMINA/FACETS LUMBAR","spineDecompression"
"63015","REMOVE SPINE LAMINA >2 CRVCL","spineDecompression"
"63016","REMOVE SPINE LAMINA >2 THRC","spineDecompression"
"63020","NECK SPINE DISK SURGERY","spineDecompression"
"63040","LAMINOTOMY SINGLE CERVICAL","spineDecompression"
"63042","LAMINOTOMY SINGLE LUMBAR","spineDecompression"
"63045","LAM FACETEC & FORAMOT CRV","spineDecompression"
"63046","LAM FACETEC & FORAMOT THRC","spineDecompression"
"63048","LAM FACETEC &FORAMOT EA ADDL","spineDecompression"
"63050","CERVICAL LAMINOPLSTY 2/> SEG","spineDecompression"
"63051","C-LAMINOPLASTY W/GRAFT/PLATE","spineDecompression"
"63055","DECOMPRESS SPINAL CORD THRC","spineDecompression"
"63064","DECOMPRESS SPINAL CORD THRC","spineDecompression"
"63075","NECK SPINE DISK SURGERY","spineDecompression"
"63077","SPINE DISK SURGERY THORAX","spineDecompression"
"63081","REMOVE VERT BODY DCMPRN CRVL","spineDecompression"
"63082","REMOVE VERTEBRAL BODY ADD-ON","spineDecompression"
"63085","REMOVE VERT BODY DCMPRN THRC","spineDecompression"
"63086","REMOVE VERTEBRAL BODY ADD-ON","spineDecompression"
"63087","REMOV VERTBR DCMPRN THRCLMBR","spineDecompression"
"63088","REMOVE VERTEBRAL BODY ADD-ON","spineDecompression"
"63090","REMOVE VERT BODY DCMPRN LMBR","spineDecompression"
"63091","REMOVE VERTEBRAL BODY ADD-ON","spineDecompression"
"63101","REMOVE VERT BODY DCMPRN THRC","spineDecompression"
"63102","REMOVE VERT BODY DCMPRN LMBR","spineDecompression"
"63103","REMOVE VERTEBRAL BODY ADD-ON","spineDecompression"
"0164T","REMOVE LUMB ARTIF DISC ADDL","spineFusion"
"0165T","REVISE LUMB ARTIF DISC ADDL","spineFusion"
"22532","ARTHRD LAT XTRCVTRY TQ THRC","spineFusion"
"22533","ARTHRD LAT XTRCVTRY TQ LMBR","spineFusion"
"22534","ARTHRD LAT XTRCVTRY TQ EA AD","spineFusion"
"22548","ARTHRD ANT TORAL/XORAL C1-C2","spineFusion"
"22551","ARTHRD ANT NTRBDY CERVICAL","spineFusion"
"22552","ARTHRD ANT NTRBD CERVICAL EA","spineFusion"
"22554","ARTHRD ANT NTRBD MIN DSC CRV","spineFusion"
"22556","ARTHRD ANT NTRBD MIN DSC THC","spineFusion"
"22558","ARTHRD ANT NTRBD MIN DSC LUM","spineFusion"
"22585","ARTHRD ANT NTRBD MIN DSC EA","spineFusion"
"22586","ARTHRD PRE-SAC NTRBDY L5-S1","spineFusion"
"22590","ARTHRD PST TQ CRANIOCERVICAL","spineFusion"
"22595","ARTHRD PST TQ ATLAS-AXIS","spineFusion"
"22600","ARTHRD PST TQ 1NTRSPC CRV","spineFusion"
"22610","ARTHRD PST TQ 1NTRSPC THRC","spineFusion"
"22612","ARTHRD PST TQ 1NTRSPC LUMBAR","spineFusion"
"22614","ARTHRD PST TQ 1NTRSPC EA ADD","spineFusion"
"22616",NA,"spineFusion"
"22630","ARTHRD PST TQ 1NTRSPC LUM","spineFusion"
"22632","ARTHRD PST TQ 1NTRSPC LM EA","spineFusion"
"22633","ARTHRD CMBN 1NTRSPC LUMBAR","spineFusion"
"22634","ARTHRD CMBN 1NTRSPC EA ADDL","spineFusion"
"22800","ARTHRD PST DFRM<6 VRT SGM","spineFusion"
"22802","ARTHRD PST DFRM 7-12 VRT SGM","spineFusion"
"22804","ARTHRD PST DFRM 13+ VRT SGM","spineFusion"
"22808","ARTHRD ANT DFRM 2-3 VRT SGM","spineFusion"
"22810","ARTHRD ANT DFRM 4-7 VRT SGM","spineFusion"
"22812","ARTHRD ANT DFRM 8+ VRT SGM","spineFusion"
"22840","INSERT SPINE FIXATION DEVICE","spineFusion"
"22841","INSERT SPINE FIXATION DEVICE","spineFusion"
"22842","INSERT SPINE FIXATION DEVICE","spineFusion"
"22843","INSERT SPINE FIXATION DEVICE","spineFusion"
"22844","INSERT SPINE FIXATION DEVICE","spineFusion"
"22845","INSERT SPINE FIXATION DEVICE","spineFusion"
"22846","INSERT SPINE FIXATION DEVICE","spineFusion"
"22847","INSERT SPINE FIXATION DEVICE","spineFusion"
"22848","INSERT PELV FIXATION DEVICE","spineFusion"
"22849","REINSERTION OF SPINAL FIXATION DEVI","spineFusion"
"22850","REMOVE SPINE FIXATION DEVICE","spineFusion"
"22852","REMOVE SPINE FIXATION DEVICE","spineFusion"
"22853","INSJ BIOMECHANICAL DEVICE","spineFusion"
"22854","INSJ BIOMECHANICAL DEVICE","spineFusion"
"22855","REMOVAL ANTERIOR INSTRMJ","spineFusion"
"22857","TOT DISC ARTHRP 1NTRSPC LMBR","spineFusion"
"22859","INSJ BIOMECHANICAL DEVICE","spineFusion"
"22860","TOT DISC ARTHRP 2NTRSPC LMBR","spineFusion"
"22862","REV RPLCM RTHRP 1NTRSPC LMBR","spineFusion"
"22865","RMVL TOT ARTHRP 1NTRSPC LMBR","spineFusion"
"27280","ARTHR SI JT OPN B1GRF INSTRM","spineFusion"
"62380","NDSC DCMPRN 1 NTRSPC LUMBAR","spineFusion"
"63005","REMOVE SPINE LAMINA 1/2 LMBR","spineFusion"
"63017","REMOVE SPINE LAMINA >2 LMBR","spineFusion"
"63030","LOW BACK DISK SURGERY","spineFusion"
"63035","SPINAL DISK SURGERY ADD-ON","spineFusion"
"63044","LAMINOTOMY ADDL LUMBAR","spineFusion"
"63047","LAM FACETEC & FORAMOT LUMBAR","spineFusion"
"63052","LAM FACETC/FRMT ARTHRD LUM 1","spineFusion"
"63053","LAM FACTC/FRMT ARTHRD LUM EA","spineFusion"
"63056","DECOMPRESS SPINAL CORD LMBR","spineFusion"
"63057","DECOMPRESS SPINE CORD ADD-ON","spineFusion"
"60210","PARTIAL THYROID EXCISION","thyroid"
"60212","PARTIAL THYROID EXCISION","thyroid"
"60220","PARTIAL REMOVAL OF THYROID","thyroid"
"60225","PARTIAL REMOVAL OF THYROID","thyroid"
"60240","REMOVAL OF THYROID","thyroid"
"60252","REMOVAL OF THYROID","thyroid"
"60254","EXTENSIVE THYROID SURGERY","thyroid"
"60260","REPEAT THYROID SURGERY","thyroid"
"60270","REMOVAL OF THYROID","thyroid"
"60271","REMOVAL OF THYROID","thyroid"
"C7555",NA,"thyroid"
