"Number / Range","Full Description","Procedure type","Approach","Replacement"
"0210083","Bypass Coronary Artery, One Artery from Coronary Artery with Zooplastic Tissue, Open Approach","Coronary Artery Bypass Graft","Open Approach",FALSE
"0210088","Bypass Coronary Artery, One Artery from Right Internal Mammary with Zooplastic Tissue, Open Approach","Coronary Artery Bypass Graft","Open Approach",FALSE
"0210089","Bypass Coronary Artery, One Artery from Left Internal Mammary with Zooplastic Tissue, Open Approach","Coronary Artery Bypass Graft","Open Approach",FALSE
"021008C","Bypass Coronary Artery, One Artery from Thoracic Artery with Zooplastic Tissue, Open Approach","Coronary Artery Bypass Graft","Open Approach",FALSE
"021008F","Bypass Coronary Artery, One Artery from Abdominal Artery with Zooplastic Tissue, Open Approach","Coronary Artery Bypass Graft","Open Approach",FALSE
"021008W","Bypass Coronary Artery, One Artery from Aorta with Zooplastic Tissue, Open Approach","Coronary Artery Bypass Graft","Open Approach",FALSE
"0210093","Bypass Coronary Artery, One Artery from Coronary Artery with Autologous Venous Tissue, Open Approach","Coronary Artery Bypass Graft","Open Approach",FALSE
"0210098","Bypass Coronary Artery, One Artery from Right Internal Mammary with Autologous Venous Tissue, Open Approach","Coronary Artery Bypass Graft","Open Approach",FALSE
"0210099","Bypass Coronary Artery, One Artery from Left Internal Mammary with Autologous Venous Tissue, Open Approach","Coronary Artery Bypass Graft","Open Approach",FALSE
"021009C","Bypass Coronary Artery, One Artery from Thoracic Artery with Autologous Venous Tissue, Open Approach","Coronary Artery Bypass Graft","Open Approach",FALSE
"021009F","Bypass Coronary Artery, One Artery from Abdominal Artery with Autologous Venous Tissue, Open Approach","Coronary Artery Bypass Graft","Open Approach",FALSE
"021009W","Bypass Coronary Artery, One Artery from Aorta with Autologous Venous Tissue, Open Approach","Coronary Artery Bypass Graft","Open Approach",FALSE
"02100A3","Bypass Coronary Artery, One Artery from Coronary Artery with Autologous Arterial Tissue, Open Approach","Coronary Artery Bypass Graft","Open Approach",FALSE
"02100A8","Bypass Coronary Artery, One Artery from Right Internal Mammary with Autologous Arterial Tissue, Open Approach","Coronary Artery Bypass Graft","Open Approach",FALSE
"02100A9","Bypass Coronary Artery, One Artery from Left Internal Mammary with Autologous Arterial Tissue, Open Approach","Coronary Artery Bypass Graft","Open Approach",FALSE
"02100AC","Bypass Coronary Artery, One Artery from Thoracic Artery with Autologous Arterial Tissue, Open Approach","Coronary Artery Bypass Graft","Open Approach",FALSE
"02100AF","Bypass Coronary Artery, One Artery from Abdominal Artery with Autologous Arterial Tissue, Open Approach","Coronary Artery Bypass Graft","Open Approach",FALSE
"02100AW","Bypass Coronary Artery, One Artery from Aorta with Autologous Arterial Tissue, Open Approach","Coronary Artery Bypass Graft","Open Approach",FALSE
"02100J3","Bypass Coronary Artery, One Artery from Coronary Artery with Synthetic Substitute, Open Approach","Coronary Artery Bypass Graft","Open Approach",FALSE
"02100J8","Bypass Coronary Artery, One Artery from Right Internal Mammary with Synthetic Substitute, Open Approach","Coronary Artery Bypass Graft","Open Approach",FALSE
"02100J9","Bypass Coronary Artery, One Artery from Left Internal Mammary with Synthetic Substitute, Open Approach","Coronary Artery Bypass Graft","Open Approach",FALSE
"02100JC","Bypass Coronary Artery, One Artery from Thoracic Artery with Synthetic Substitute, Open Approach","Coronary Artery Bypass Graft","Open Approach",FALSE
"02100JF","Bypass Coronary Artery, One Artery from Abdominal Artery with Synthetic Substitute, Open Approach","Coronary Artery Bypass Graft","Open Approach",FALSE
"02100JW","Bypass Coronary Artery, One Artery from Aorta with Synthetic Substitute, Open Approach","Coronary Artery Bypass Graft","Open Approach",FALSE
"02100K3","Bypass Coronary Artery, One Artery from Coronary Artery with Nonautologous Tissue Substitute, Open Approach","Coronary Artery Bypass Graft","Open Approach",FALSE
"02100K8","Bypass Coronary Artery, One Artery from Right Internal Mammary with Nonautologous Tissue Substitute, Open Approach","Coronary Artery Bypass Graft","Open Approach",FALSE
"02100K9","Bypass Coronary Artery, One Artery from Left Internal Mammary with Nonautologous Tissue Substitute, Open Approach","Coronary Artery Bypass Graft","Open Approach",FALSE
"02100KC","Bypass Coronary Artery, One Artery from Thoracic Artery with Nonautologous Tissue Substitute, Open Approach","Coronary Artery Bypass Graft","Open Approach",FALSE
"02100KF","Bypass Coronary Artery, One Artery from Abdominal Artery with Nonautologous Tissue Substitute, Open Approach","Coronary Artery Bypass Graft","Open Approach",FALSE
"02100KW","Bypass Coronary Artery, One Artery from Aorta with Nonautologous Tissue Substitute, Open Approach","Coronary Artery Bypass Graft","Open Approach",FALSE
"02100Z3","Bypass Coronary Artery, One Artery from Coronary Artery, Open Approach","Coronary Artery Bypass Graft","Open Approach",FALSE
"02100Z8","Bypass Coronary Artery, One Artery from Right Internal Mammary, Open Approach","Coronary Artery Bypass Graft","Open Approach",FALSE
"02100Z9","Bypass Coronary Artery, One Artery from Left Internal Mammary, Open Approach","Coronary Artery Bypass Graft","Open Approach",FALSE
"02100ZC","Bypass Coronary Artery, One Artery from Thoracic Artery, Open Approach","Coronary Artery Bypass Graft","Open Approach",FALSE
"02100ZF","Bypass Coronary Artery, One Artery from Abdominal Artery, Open Approach","Coronary Artery Bypass Graft","Open Approach",FALSE
"0210344","Bypass Coronary Artery, One Artery from Coronary Vein with Drug-eluting Intraluminal Device, Percutaneous Approach","Coronary Artery Bypass Graft","Percutaneous Approach",FALSE
"02103D4","Bypass Coronary Artery, One Artery from Coronary Vein with Intraluminal Device, Percutaneous Approach","Coronary Artery Bypass Graft","Percutaneous Approach",FALSE
"0210444","Bypass Coronary Artery, One Artery from Coronary Vein with Drug-eluting Intraluminal Device, Percutaneous Endoscopic Approach","Coronary Artery Bypass Graft","Percutaneous Endoscopic Approach",FALSE
"0210483","Bypass Coronary Artery, One Artery from Coronary Artery with Zooplastic Tissue, Percutaneous Endoscopic Approach","Coronary Artery Bypass Graft","Percutaneous Endoscopic Approach",FALSE
"0210488","Bypass Coronary Artery, One Artery from Right Internal Mammary with Zooplastic Tissue, Percutaneous Endoscopic Approach","Coronary Artery Bypass Graft","Percutaneous Endoscopic Approach",FALSE
"0210489","Bypass Coronary Artery, One Artery from Left Internal Mammary with Zooplastic Tissue, Percutaneous Endoscopic Approach","Coronary Artery Bypass Graft","Percutaneous Endoscopic Approach",FALSE
"021048C","Bypass Coronary Artery, One Artery from Thoracic Artery with Zooplastic Tissue, Percutaneous Endoscopic Approach","Coronary Artery Bypass Graft","Percutaneous Endoscopic Approach",FALSE
"021048F","Bypass Coronary Artery, One Artery from Abdominal Artery with Zooplastic Tissue, Percutaneous Endoscopic Approach","Coronary Artery Bypass Graft","Percutaneous Endoscopic Approach",FALSE
"021048W","Bypass Coronary Artery, One Artery from Aorta with Zooplastic Tissue, Percutaneous Endoscopic Approach","Coronary Artery Bypass Graft","Percutaneous Endoscopic Approach",FALSE
"0210493","Bypass Coronary Artery, One Artery from Coronary Artery with Autologous Venous Tissue, Percutaneous Endoscopic Approach","Coronary Artery Bypass Graft","Percutaneous Endoscopic Approach",FALSE
"0210498","Bypass Coronary Artery, One Artery from Right Internal Mammary with Autologous Venous Tissue, Percutaneous Endoscopic Approach","Coronary Artery Bypass Graft","Percutaneous Endoscopic Approach",FALSE
"0210499","Bypass Coronary Artery, One Artery from Left Internal Mammary with Autologous Venous Tissue, Percutaneous Endoscopic Approach","Coronary Artery Bypass Graft","Percutaneous Endoscopic Approach",FALSE
"021049C","Bypass Coronary Artery, One Artery from Thoracic Artery with Autologous Venous Tissue, Percutaneous Endoscopic Approach","Coronary Artery Bypass Graft","Percutaneous Endoscopic Approach",FALSE
"021049F","Bypass Coronary Artery, One Artery from Abdominal Artery with Autologous Venous Tissue, Percutaneous Endoscopic Approach","Coronary Artery Bypass Graft","Percutaneous Endoscopic Approach",FALSE
"021049W","Bypass Coronary Artery, One Artery from Aorta with Autologous Venous Tissue, Percutaneous Endoscopic Approach","Coronary Artery Bypass Graft","Percutaneous Endoscopic Approach",FALSE
"02104A3","Bypass Coronary Artery, One Artery from Coronary Artery with Autologous Arterial Tissue, Percutaneous Endoscopic Approach","Coronary Artery Bypass Graft","Percutaneous Endoscopic Approach",FALSE
"02104A8","Bypass Coronary Artery, One Artery from Right Internal Mammary with Autologous Arterial Tissue, Percutaneous Endoscopic Approach","Coronary Artery Bypass Graft","Percutaneous Endoscopic Approach",FALSE
"02104A9","Bypass Coronary Artery, One Artery from Left Internal Mammary with Autologous Arterial Tissue, Percutaneous Endoscopic Approach","Coronary Artery Bypass Graft","Percutaneous Endoscopic Approach",FALSE
"02104AC","Bypass Coronary Artery, One Artery from Thoracic Artery with Autologous Arterial Tissue, Percutaneous Endoscopic Approach","Coronary Artery Bypass Graft","Percutaneous Endoscopic Approach",FALSE
"02104AF","Bypass Coronary Artery, One Artery from Abdominal Artery with Autologous Arterial Tissue, Percutaneous Endoscopic Approach","Coronary Artery Bypass Graft","Percutaneous Endoscopic Approach",FALSE
"02104AW","Bypass Coronary Artery, One Artery from Aorta with Autologous Arterial Tissue, Percutaneous Endoscopic Approach","Coronary Artery Bypass Graft","Percutaneous Endoscopic Approach",FALSE
"02104D4","Bypass Coronary Artery, One Artery from Coronary Vein with Intraluminal Device, Percutaneous Endoscopic Approach","Coronary Artery Bypass Graft","Percutaneous Endoscopic Approach",FALSE
"02104J3","Bypass Coronary Artery, One Artery from Coronary Artery with Synthetic Substitute, Percutaneous Endoscopic Approach","Coronary Artery Bypass Graft","Percutaneous Endoscopic Approach",FALSE
"02104J8","Bypass Coronary Artery, One Artery from Right Internal Mammary with Synthetic Substitute, Percutaneous Endoscopic Approach","Coronary Artery Bypass Graft","Percutaneous Endoscopic Approach",FALSE
"02104J9","Bypass Coronary Artery, One Artery from Left Internal Mammary with Synthetic Substitute, Percutaneous Endoscopic Approach","Coronary Artery Bypass Graft","Percutaneous Endoscopic Approach",FALSE
"02104JC","Bypass Coronary Artery, One Artery from Thoracic Artery with Synthetic Substitute, Percutaneous Endoscopic Approach","Coronary Artery Bypass Graft","Percutaneous Endoscopic Approach",FALSE
"02104JF","Bypass Coronary Artery, One Artery from Abdominal Artery with Synthetic Substitute, Percutaneous Endoscopic Approach","Coronary Artery Bypass Graft","Percutaneous Endoscopic Approach",FALSE
"02104JW","Bypass Coronary Artery, One Artery from Aorta with Synthetic Substitute, Percutaneous Endoscopic Approach","Coronary Artery Bypass Graft","Percutaneous Endoscopic Approach",FALSE
"02104K3","Bypass Coronary Artery, One Artery from Coronary Artery with Nonautologous Tissue Substitute, Percutaneous Endoscopic Approach","Coronary Artery Bypass Graft","Percutaneous Endoscopic Approach",FALSE
"02104K8","Bypass Coronary Artery, One Artery from Right Internal Mammary with Nonautologous Tissue Substitute, Percutaneous Endoscopic Approach","Coronary Artery Bypass Graft","Percutaneous Endoscopic Approach",FALSE
"02104K9","Bypass Coronary Artery, One Artery from Left Internal Mammary with Nonautologous Tissue Substitute, Percutaneous Endoscopic Approach","Coronary Artery Bypass Graft","Percutaneous Endoscopic Approach",FALSE
"02104KC","Bypass Coronary Artery, One Artery from Thoracic Artery with Nonautologous Tissue Substitute, Percutaneous Endoscopic Approach","Coronary Artery Bypass Graft","Percutaneous Endoscopic Approach",FALSE
"02104KF","Bypass Coronary Artery, One Artery from Abdominal Artery with Nonautologous Tissue Substitute, Percutaneous Endoscopic Approach","Coronary Artery Bypass Graft","Percutaneous Endoscopic Approach",FALSE
"02104KW","Bypass Coronary Artery, One Artery from Aorta with Nonautologous Tissue Substitute, Percutaneous Endoscopic Approach","Coronary Artery Bypass Graft","Percutaneous Endoscopic Approach",FALSE
"02104Z3","Bypass Coronary Artery, One Artery from Coronary Artery, Percutaneous Endoscopic Approach","Coronary Artery Bypass Graft","Percutaneous Endoscopic Approach",FALSE
"02104Z8","Bypass Coronary Artery, One Artery from Right Internal Mammary, Percutaneous Endoscopic Approach","Coronary Artery Bypass Graft","Percutaneous Endoscopic Approach",FALSE
"02104Z9","Bypass Coronary Artery, One Artery from Left Internal Mammary, Percutaneous Endoscopic Approach","Coronary Artery Bypass Graft","Percutaneous Endoscopic Approach",FALSE
"02104ZC","Bypass Coronary Artery, One Artery from Thoracic Artery, Percutaneous Endoscopic Approach","Coronary Artery Bypass Graft","Percutaneous Endoscopic Approach",FALSE
"02104ZF","Bypass Coronary Artery, One Artery from Abdominal Artery, Percutaneous Endoscopic Approach","Coronary Artery Bypass Graft","Percutaneous Endoscopic Approach",FALSE
"0211083","Bypass Coronary Artery, Two Arteries from Coronary Artery with Zooplastic Tissue, Open Approach","Coronary Artery Bypass Graft","Open Approach",FALSE
"0211088","Bypass Coronary Artery, Two Arteries from Right Internal Mammary with Zooplastic Tissue, Open Approach","Coronary Artery Bypass Graft","Open Approach",FALSE
"0211089","Bypass Coronary Artery, Two Arteries from Left Internal Mammary with Zooplastic Tissue, Open Approach","Coronary Artery Bypass Graft","Open Approach",FALSE
"021108C","Bypass Coronary Artery, Two Arteries from Thoracic Artery with Zooplastic Tissue, Open Approach","Coronary Artery Bypass Graft","Open Approach",FALSE
"021108F","Bypass Coronary Artery, Two Arteries from Abdominal Artery with Zooplastic Tissue, Open Approach","Coronary Artery Bypass Graft","Open Approach",FALSE
"021108W","Bypass Coronary Artery, Two Arteries from Aorta with Zooplastic Tissue, Open Approach","Coronary Artery Bypass Graft","Open Approach",FALSE
"0211093","Bypass Coronary Artery, Two Arteries from Coronary Artery with Autologous Venous Tissue, Open Approach","Coronary Artery Bypass Graft","Open Approach",FALSE
"0211098","Bypass Coronary Artery, Two Arteries from Right Internal Mammary with Autologous Venous Tissue, Open Approach","Coronary Artery Bypass Graft","Open Approach",FALSE
"0211099","Bypass Coronary Artery, Two Arteries from Left Internal Mammary with Autologous Venous Tissue, Open Approach","Coronary Artery Bypass Graft","Open Approach",FALSE
"021109C","Bypass Coronary Artery, Two Arteries from Thoracic Artery with Autologous Venous Tissue, Open Approach","Coronary Artery Bypass Graft","Open Approach",FALSE
"021109F","Bypass Coronary Artery, Two Arteries from Abdominal Artery with Autologous Venous Tissue, Open Approach","Coronary Artery Bypass Graft","Open Approach",FALSE
"021109W","Bypass Coronary Artery, Two Arteries from Aorta with Autologous Venous Tissue, Open Approach","Coronary Artery Bypass Graft","Open Approach",FALSE
"02110A3","Bypass Coronary Artery, Two Arteries from Coronary Artery with Autologous Arterial Tissue, Open Approach","Coronary Artery Bypass Graft","Open Approach",FALSE
"02110A8","Bypass Coronary Artery, Two Arteries from Right Internal Mammary with Autologous Arterial Tissue, Open Approach","Coronary Artery Bypass Graft","Open Approach",FALSE
"02110A9","Bypass Coronary Artery, Two Arteries from Left Internal Mammary with Autologous Arterial Tissue, Open Approach","Coronary Artery Bypass Graft","Open Approach",FALSE
"02110AC","Bypass Coronary Artery, Two Arteries from Thoracic Artery with Autologous Arterial Tissue, Open Approach","Coronary Artery Bypass Graft","Open Approach",FALSE
"02110AF","Bypass Coronary Artery, Two Arteries from Abdominal Artery with Autologous Arterial Tissue, Open Approach","Coronary Artery Bypass Graft","Open Approach",FALSE
"02110AW","Bypass Coronary Artery, Two Arteries from Aorta with Autologous Arterial Tissue, Open Approach","Coronary Artery Bypass Graft","Open Approach",FALSE
"02110J3","Bypass Coronary Artery, Two Arteries from Coronary Artery with Synthetic Substitute, Open Approach","Coronary Artery Bypass Graft","Open Approach",FALSE
"02110J8","Bypass Coronary Artery, Two Arteries from Right Internal Mammary with Synthetic Substitute, Open Approach","Coronary Artery Bypass Graft","Open Approach",FALSE
"02110J9","Bypass Coronary Artery, Two Arteries from Left Internal Mammary with Synthetic Substitute, Open Approach","Coronary Artery Bypass Graft","Open Approach",FALSE
"02110JC","Bypass Coronary Artery, Two Arteries from Thoracic Artery with Synthetic Substitute, Open Approach","Coronary Artery Bypass Graft","Open Approach",FALSE
"02110JF","Bypass Coronary Artery, Two Arteries from Abdominal Artery with Synthetic Substitute, Open Approach","Coronary Artery Bypass Graft","Open Approach",FALSE
"02110JW","Bypass Coronary Artery, Two Arteries from Aorta with Synthetic Substitute, Open Approach","Coronary Artery Bypass Graft","Open Approach",FALSE
"02110K3","Bypass Coronary Artery, Two Arteries from Coronary Artery with Nonautologous Tissue Substitute, Open Approach","Coronary Artery Bypass Graft","Open Approach",FALSE
"02110K8","Bypass Coronary Artery, Two Arteries from Right Internal Mammary with Nonautologous Tissue Substitute, Open Approach","Coronary Artery Bypass Graft","Open Approach",FALSE
"02110K9","Bypass Coronary Artery, Two Arteries from Left Internal Mammary with Nonautologous Tissue Substitute, Open Approach","Coronary Artery Bypass Graft","Open Approach",FALSE
"02110KC","Bypass Coronary Artery, Two Arteries from Thoracic Artery with Nonautologous Tissue Substitute, Open Approach","Coronary Artery Bypass Graft","Open Approach",FALSE
"02110KF","Bypass Coronary Artery, Two Arteries from Abdominal Artery with Nonautologous Tissue Substitute, Open Approach","Coronary Artery Bypass Graft","Open Approach",FALSE
"02110KW","Bypass Coronary Artery, Two Arteries from Aorta with Nonautologous Tissue Substitute, Open Approach","Coronary Artery Bypass Graft","Open Approach",FALSE
"02110Z3","Bypass Coronary Artery, Two Arteries from Coronary Artery, Open Approach","Coronary Artery Bypass Graft","Open Approach",FALSE
"02110Z8","Bypass Coronary Artery, Two Arteries from Right Internal Mammary, Open Approach","Coronary Artery Bypass Graft","Open Approach",FALSE
"02110Z9","Bypass Coronary Artery, Two Arteries from Left Internal Mammary, Open Approach","Coronary Artery Bypass Graft","Open Approach",FALSE
"02110ZC","Bypass Coronary Artery, Two Arteries from Thoracic Artery, Open Approach","Coronary Artery Bypass Graft","Open Approach",FALSE
"02110ZF","Bypass Coronary Artery, Two Arteries from Abdominal Artery, Open Approach","Coronary Artery Bypass Graft","Open Approach",FALSE
"0211344","Bypass Coronary Artery, Two Arteries from Coronary Vein with Drug-eluting Intraluminal Device, Percutaneous Approach","Coronary Artery Bypass Graft","Percutaneous Approach",FALSE
"02113D4","Bypass Coronary Artery, Two Arteries from Coronary Vein with Intraluminal Device, Percutaneous Approach","Coronary Artery Bypass Graft","Percutaneous Approach",FALSE
"0211444","Bypass Coronary Artery, Two Arteries from Coronary Vein with Drug-eluting Intraluminal Device, Percutaneous Endoscopic Approach","Coronary Artery Bypass Graft","Percutaneous Endoscopic Approach",FALSE
"0211483","Bypass Coronary Artery, Two Arteries from Coronary Artery with Zooplastic Tissue, Percutaneous Endoscopic Approach","Coronary Artery Bypass Graft","Percutaneous Endoscopic Approach",FALSE
"0211488","Bypass Coronary Artery, Two Arteries from Right Internal Mammary with Zooplastic Tissue, Percutaneous Endoscopic Approach","Coronary Artery Bypass Graft","Percutaneous Endoscopic Approach",FALSE
"0211489","Bypass Coronary Artery, Two Arteries from Left Internal Mammary with Zooplastic Tissue, Percutaneous Endoscopic Approach","Coronary Artery Bypass Graft","Percutaneous Endoscopic Approach",FALSE
"021148C","Bypass Coronary Artery, Two Arteries from Thoracic Artery with Zooplastic Tissue, Percutaneous Endoscopic Approach","Coronary Artery Bypass Graft","Percutaneous Endoscopic Approach",FALSE
"021148F","Bypass Coronary Artery, Two Arteries from Abdominal Artery with Zooplastic Tissue, Percutaneous Endoscopic Approach","Coronary Artery Bypass Graft","Percutaneous Endoscopic Approach",FALSE
"021148W","Bypass Coronary Artery, Two Arteries from Aorta with Zooplastic Tissue, Percutaneous Endoscopic Approach","Coronary Artery Bypass Graft","Percutaneous Endoscopic Approach",FALSE
"0211493","Bypass Coronary Artery, Two Arteries from Coronary Artery with Autologous Venous Tissue, Percutaneous Endoscopic Approach","Coronary Artery Bypass Graft","Percutaneous Endoscopic Approach",FALSE
"0211498","Bypass Coronary Artery, Two Arteries from Right Internal Mammary with Autologous Venous Tissue, Percutaneous Endoscopic Approach","Coronary Artery Bypass Graft","Percutaneous Endoscopic Approach",FALSE
"0211499","Bypass Coronary Artery, Two Arteries from Left Internal Mammary with Autologous Venous Tissue, Percutaneous Endoscopic Approach","Coronary Artery Bypass Graft","Percutaneous Endoscopic Approach",FALSE
"021149C","Bypass Coronary Artery, Two Arteries from Thoracic Artery with Autologous Venous Tissue, Percutaneous Endoscopic Approach","Coronary Artery Bypass Graft","Percutaneous Endoscopic Approach",FALSE
"021149F","Bypass Coronary Artery, Two Arteries from Abdominal Artery with Autologous Venous Tissue, Percutaneous Endoscopic Approach","Coronary Artery Bypass Graft","Percutaneous Endoscopic Approach",FALSE
"021149W","Bypass Coronary Artery, Two Arteries from Aorta with Autologous Venous Tissue, Percutaneous Endoscopic Approach","Coronary Artery Bypass Graft","Percutaneous Endoscopic Approach",FALSE
"02114A3","Bypass Coronary Artery, Two Arteries from Coronary Artery with Autologous Arterial Tissue, Percutaneous Endoscopic Approach","Coronary Artery Bypass Graft","Percutaneous Endoscopic Approach",FALSE
"02114A8","Bypass Coronary Artery, Two Arteries from Right Internal Mammary with Autologous Arterial Tissue, Percutaneous Endoscopic Approach","Coronary Artery Bypass Graft","Percutaneous Endoscopic Approach",FALSE
"02114A9","Bypass Coronary Artery, Two Arteries from Left Internal Mammary with Autologous Arterial Tissue, Percutaneous Endoscopic Approach","Coronary Artery Bypass Graft","Percutaneous Endoscopic Approach",FALSE
"02114AC","Bypass Coronary Artery, Two Arteries from Thoracic Artery with Autologous Arterial Tissue, Percutaneous Endoscopic Approach","Coronary Artery Bypass Graft","Percutaneous Endoscopic Approach",FALSE
"02114AF","Bypass Coronary Artery, Two Arteries from Abdominal Artery with Autologous Arterial Tissue, Percutaneous Endoscopic Approach","Coronary Artery Bypass Graft","Percutaneous Endoscopic Approach",FALSE
"02114AW","Bypass Coronary Artery, Two Arteries from Aorta with Autologous Arterial Tissue, Percutaneous Endoscopic Approach","Coronary Artery Bypass Graft","Percutaneous Endoscopic Approach",FALSE
"02114D4","Bypass Coronary Artery, Two Arteries from Coronary Vein with Intraluminal Device, Percutaneous Endoscopic Approach","Coronary Artery Bypass Graft","Percutaneous Endoscopic Approach",FALSE
"02114J3","Bypass Coronary Artery, Two Arteries from Coronary Artery with Synthetic Substitute, Percutaneous Endoscopic Approach","Coronary Artery Bypass Graft","Percutaneous Endoscopic Approach",FALSE
"02114J8","Bypass Coronary Artery, Two Arteries from Right Internal Mammary with Synthetic Substitute, Percutaneous Endoscopic Approach","Coronary Artery Bypass Graft","Percutaneous Endoscopic Approach",FALSE
"02114J9","Bypass Coronary Artery, Two Arteries from Left Internal Mammary with Synthetic Substitute, Percutaneous Endoscopic Approach","Coronary Artery Bypass Graft","Percutaneous Endoscopic Approach",FALSE
"02114JC","Bypass Coronary Artery, Two Arteries from Thoracic Artery with Synthetic Substitute, Percutaneous Endoscopic Approach","Coronary Artery Bypass Graft","Percutaneous Endoscopic Approach",FALSE
"02114JF","Bypass Coronary Artery, Two Arteries from Abdominal Artery with Synthetic Substitute, Percutaneous Endoscopic Approach","Coronary Artery Bypass Graft","Percutaneous Endoscopic Approach",FALSE
"02114JW","Bypass Coronary Artery, Two Arteries from Aorta with Synthetic Substitute, Percutaneous Endoscopic Approach","Coronary Artery Bypass Graft","Percutaneous Endoscopic Approach",FALSE
"02114K3","Bypass Coronary Artery, Two Arteries from Coronary Artery with Nonautologous Tissue Substitute, Percutaneous Endoscopic Approach","Coronary Artery Bypass Graft","Percutaneous Endoscopic Approach",FALSE
"02114K8","Bypass Coronary Artery, Two Arteries from Right Internal Mammary with Nonautologous Tissue Substitute, Percutaneous Endoscopic Approach","Coronary Artery Bypass Graft","Percutaneous Endoscopic Approach",FALSE
"02114K9","Bypass Coronary Artery, Two Arteries from Left Internal Mammary with Nonautologous Tissue Substitute, Percutaneous Endoscopic Approach","Coronary Artery Bypass Graft","Percutaneous Endoscopic Approach",FALSE
"02114KC","Bypass Coronary Artery, Two Arteries from Thoracic Artery with Nonautologous Tissue Substitute, Percutaneous Endoscopic Approach","Coronary Artery Bypass Graft","Percutaneous Endoscopic Approach",FALSE
"02114KF","Bypass Coronary Artery, Two Arteries from Abdominal Artery with Nonautologous Tissue Substitute, Percutaneous Endoscopic Approach","Coronary Artery Bypass Graft","Percutaneous Endoscopic Approach",FALSE
"02114KW","Bypass Coronary Artery, Two Arteries from Aorta with Nonautologous Tissue Substitute, Percutaneous Endoscopic Approach","Coronary Artery Bypass Graft","Percutaneous Endoscopic Approach",FALSE
"02114Z3","Bypass Coronary Artery, Two Arteries from Coronary Artery, Percutaneous Endoscopic Approach","Coronary Artery Bypass Graft","Percutaneous Endoscopic Approach",FALSE
"02114Z8","Bypass Coronary Artery, Two Arteries from Right Internal Mammary, Percutaneous Endoscopic Approach","Coronary Artery Bypass Graft","Percutaneous Endoscopic Approach",FALSE
"02114Z9","Bypass Coronary Artery, Two Arteries from Left Internal Mammary, Percutaneous Endoscopic Approach","Coronary Artery Bypass Graft","Percutaneous Endoscopic Approach",FALSE
"02114ZC","Bypass Coronary Artery, Two Arteries from Thoracic Artery, Percutaneous Endoscopic Approach","Coronary Artery Bypass Graft","Percutaneous Endoscopic Approach",FALSE
"02114ZF","Bypass Coronary Artery, Two Arteries from Abdominal Artery, Percutaneous Endoscopic Approach","Coronary Artery Bypass Graft","Percutaneous Endoscopic Approach",FALSE
"0212083","Bypass Coronary Artery, Three Arteries from Coronary Artery with Zooplastic Tissue, Open Approach","Coronary Artery Bypass Graft","Open Approach",FALSE
"0212088","Bypass Coronary Artery, Three Arteries from Right Internal Mammary with Zooplastic Tissue, Open Approach","Coronary Artery Bypass Graft","Open Approach",FALSE
"0212089","Bypass Coronary Artery, Three Arteries from Left Internal Mammary with Zooplastic Tissue, Open Approach","Coronary Artery Bypass Graft","Open Approach",FALSE
"021208C","Bypass Coronary Artery, Three Arteries from Thoracic Artery with Zooplastic Tissue, Open Approach","Coronary Artery Bypass Graft","Open Approach",FALSE
"021208F","Bypass Coronary Artery, Three Arteries from Abdominal Artery with Zooplastic Tissue, Open Approach","Coronary Artery Bypass Graft","Open Approach",FALSE
"021208W","Bypass Coronary Artery, Three Arteries from Aorta with Zooplastic Tissue, Open Approach","Coronary Artery Bypass Graft","Open Approach",FALSE
"0212093","Bypass Coronary Artery, Three Arteries from Coronary Artery with Autologous Venous Tissue, Open Approach","Coronary Artery Bypass Graft","Open Approach",FALSE
"0212098","Bypass Coronary Artery, Three Arteries from Right Internal Mammary with Autologous Venous Tissue, Open Approach","Coronary Artery Bypass Graft","Open Approach",FALSE
"0212099","Bypass Coronary Artery, Three Arteries from Left Internal Mammary with Autologous Venous Tissue, Open Approach","Coronary Artery Bypass Graft","Open Approach",FALSE
"021209C","Bypass Coronary Artery, Three Arteries from Thoracic Artery with Autologous Venous Tissue, Open Approach","Coronary Artery Bypass Graft","Open Approach",FALSE
"021209F","Bypass Coronary Artery, Three Arteries from Abdominal Artery with Autologous Venous Tissue, Open Approach","Coronary Artery Bypass Graft","Open Approach",FALSE
"021209W","Bypass Coronary Artery, Three Arteries from Aorta with Autologous Venous Tissue, Open Approach","Coronary Artery Bypass Graft","Open Approach",FALSE
"02120A3","Bypass Coronary Artery, Three Arteries from Coronary Artery with Autologous Arterial Tissue, Open Approach","Coronary Artery Bypass Graft","Open Approach",FALSE
"02120A8","Bypass Coronary Artery, Three Arteries from Right Internal Mammary with Autologous Arterial Tissue, Open Approach","Coronary Artery Bypass Graft","Open Approach",FALSE
"02120A9","Bypass Coronary Artery, Three Arteries from Left Internal Mammary with Autologous Arterial Tissue, Open Approach","Coronary Artery Bypass Graft","Open Approach",FALSE
"02120AC","Bypass Coronary Artery, Three Arteries from Thoracic Artery with Autologous Arterial Tissue, Open Approach","Coronary Artery Bypass Graft","Open Approach",FALSE
"02120AF","Bypass Coronary Artery, Three Arteries from Abdominal Artery with Autologous Arterial Tissue, Open Approach","Coronary Artery Bypass Graft","Open Approach",FALSE
"02120AW","Bypass Coronary Artery, Three Arteries from Aorta with Autologous Arterial Tissue, Open Approach","Coronary Artery Bypass Graft","Open Approach",FALSE
"02120J3","Bypass Coronary Artery, Three Arteries from Coronary Artery with Synthetic Substitute, Open Approach","Coronary Artery Bypass Graft","Open Approach",FALSE
"02120J8","Bypass Coronary Artery, Three Arteries from Right Internal Mammary with Synthetic Substitute, Open Approach","Coronary Artery Bypass Graft","Open Approach",FALSE
"02120J9","Bypass Coronary Artery, Three Arteries from Left Internal Mammary with Synthetic Substitute, Open Approach","Coronary Artery Bypass Graft","Open Approach",FALSE
"02120JC","Bypass Coronary Artery, Three Arteries from Thoracic Artery with Synthetic Substitute, Open Approach","Coronary Artery Bypass Graft","Open Approach",FALSE
"02120JF","Bypass Coronary Artery, Three Arteries from Abdominal Artery with Synthetic Substitute, Open Approach","Coronary Artery Bypass Graft","Open Approach",FALSE
"02120JW","Bypass Coronary Artery, Three Arteries from Aorta with Synthetic Substitute, Open Approach","Coronary Artery Bypass Graft","Open Approach",FALSE
"02120K3","Bypass Coronary Artery, Three Arteries from Coronary Artery with Nonautologous Tissue Substitute, Open Approach","Coronary Artery Bypass Graft","Open Approach",FALSE
"02120K8","Bypass Coronary Artery, Three Arteries from Right Internal Mammary with Nonautologous Tissue Substitute, Open Approach","Coronary Artery Bypass Graft","Open Approach",FALSE
"02120K9","Bypass Coronary Artery, Three Arteries from Left Internal Mammary with Nonautologous Tissue Substitute, Open Approach","Coronary Artery Bypass Graft","Open Approach",FALSE
"02120KC","Bypass Coronary Artery, Three Arteries from Thoracic Artery with Nonautologous Tissue Substitute, Open Approach","Coronary Artery Bypass Graft","Open Approach",FALSE
"02120KF","Bypass Coronary Artery, Three Arteries from Abdominal Artery with Nonautologous Tissue Substitute, Open Approach","Coronary Artery Bypass Graft","Open Approach",FALSE
"02120KW","Bypass Coronary Artery, Three Arteries from Aorta with Nonautologous Tissue Substitute, Open Approach","Coronary Artery Bypass Graft","Open Approach",FALSE
"02120Z3","Bypass Coronary Artery, Three Arteries from Coronary Artery, Open Approach","Coronary Artery Bypass Graft","Open Approach",FALSE
"02120Z8","Bypass Coronary Artery, Three Arteries from Right Internal Mammary, Open Approach","Coronary Artery Bypass Graft","Open Approach",FALSE
"02120Z9","Bypass Coronary Artery, Three Arteries from Left Internal Mammary, Open Approach","Coronary Artery Bypass Graft","Open Approach",FALSE
"02120ZC","Bypass Coronary Artery, Three Arteries from Thoracic Artery, Open Approach","Coronary Artery Bypass Graft","Open Approach",FALSE
"02120ZF","Bypass Coronary Artery, Three Arteries from Abdominal Artery, Open Approach","Coronary Artery Bypass Graft","Open Approach",FALSE
"0212344","Bypass Coronary Artery, Three Arteries from Coronary Vein with Drug-eluting Intraluminal Device, Percutaneous Approach","Coronary Artery Bypass Graft","Percutaneous Approach",FALSE
"02123D4","Bypass Coronary Artery, Three Arteries from Coronary Vein with Intraluminal Device, Percutaneous Approach","Coronary Artery Bypass Graft","Percutaneous Approach",FALSE
"0212444","Bypass Coronary Artery, Three Arteries from Coronary Vein with Drug-eluting Intraluminal Device, Percutaneous Endoscopic Approach","Coronary Artery Bypass Graft","Percutaneous Endoscopic Approach",FALSE
"0212483","Bypass Coronary Artery, Three Arteries from Coronary Artery with Zooplastic Tissue, Percutaneous Endoscopic Approach","Coronary Artery Bypass Graft","Percutaneous Endoscopic Approach",FALSE
"0212488","Bypass Coronary Artery, Three Arteries from Right Internal Mammary with Zooplastic Tissue, Percutaneous Endoscopic Approach","Coronary Artery Bypass Graft","Percutaneous Endoscopic Approach",FALSE
"0212489","Bypass Coronary Artery, Three Arteries from Left Internal Mammary with Zooplastic Tissue, Percutaneous Endoscopic Approach","Coronary Artery Bypass Graft","Percutaneous Endoscopic Approach",FALSE
"021248C","Bypass Coronary Artery, Three Arteries from Thoracic Artery with Zooplastic Tissue, Percutaneous Endoscopic Approach","Coronary Artery Bypass Graft","Percutaneous Endoscopic Approach",FALSE
"021248F","Bypass Coronary Artery, Three Arteries from Abdominal Artery with Zooplastic Tissue, Percutaneous Endoscopic Approach","Coronary Artery Bypass Graft","Percutaneous Endoscopic Approach",FALSE
"021248W","Bypass Coronary Artery, Three Arteries from Aorta with Zooplastic Tissue, Percutaneous Endoscopic Approach","Coronary Artery Bypass Graft","Percutaneous Endoscopic Approach",FALSE
"0212493","Bypass Coronary Artery, Three Arteries from Coronary Artery with Autologous Venous Tissue, Percutaneous Endoscopic Approach","Coronary Artery Bypass Graft","Percutaneous Endoscopic Approach",FALSE
"0212498","Bypass Coronary Artery, Three Arteries from Right Internal Mammary with Autologous Venous Tissue, Percutaneous Endoscopic Approach","Coronary Artery Bypass Graft","Percutaneous Endoscopic Approach",FALSE
"0212499","Bypass Coronary Artery, Three Arteries from Left Internal Mammary with Autologous Venous Tissue, Percutaneous Endoscopic Approach","Coronary Artery Bypass Graft","Percutaneous Endoscopic Approach",FALSE
"021249C","Bypass Coronary Artery, Three Arteries from Thoracic Artery with Autologous Venous Tissue, Percutaneous Endoscopic Approach","Coronary Artery Bypass Graft","Percutaneous Endoscopic Approach",FALSE
"021249F","Bypass Coronary Artery, Three Arteries from Abdominal Artery with Autologous Venous Tissue, Percutaneous Endoscopic Approach","Coronary Artery Bypass Graft","Percutaneous Endoscopic Approach",FALSE
"021249W","Bypass Coronary Artery, Three Arteries from Aorta with Autologous Venous Tissue, Percutaneous Endoscopic Approach","Coronary Artery Bypass Graft","Percutaneous Endoscopic Approach",FALSE
"02124A3","Bypass Coronary Artery, Three Arteries from Coronary Artery with Autologous Arterial Tissue, Percutaneous Endoscopic Approach","Coronary Artery Bypass Graft","Percutaneous Endoscopic Approach",FALSE
"02124A8","Bypass Coronary Artery, Three Arteries from Right Internal Mammary with Autologous Arterial Tissue, Percutaneous Endoscopic Approach","Coronary Artery Bypass Graft","Percutaneous Endoscopic Approach",FALSE
"02124A9","Bypass Coronary Artery, Three Arteries from Left Internal Mammary with Autologous Arterial Tissue, Percutaneous Endoscopic Approach","Coronary Artery Bypass Graft","Percutaneous Endoscopic Approach",FALSE
"02124AC","Bypass Coronary Artery, Three Arteries from Thoracic Artery with Autologous Arterial Tissue, Percutaneous Endoscopic Approach","Coronary Artery Bypass Graft","Percutaneous Endoscopic Approach",FALSE
"02124AF","Bypass Coronary Artery, Three Arteries from Abdominal Artery with Autologous Arterial Tissue, Percutaneous Endoscopic Approach","Coronary Artery Bypass Graft","Percutaneous Endoscopic Approach",FALSE
"02124AW","Bypass Coronary Artery, Three Arteries from Aorta with Autologous Arterial Tissue, Percutaneous Endoscopic Approach","Coronary Artery Bypass Graft","Percutaneous Endoscopic Approach",FALSE
"02124D4","Bypass Coronary Artery, Three Arteries from Coronary Vein with Intraluminal Device, Percutaneous Endoscopic Approach","Coronary Artery Bypass Graft","Percutaneous Endoscopic Approach",FALSE
"02124J3","Bypass Coronary Artery, Three Arteries from Coronary Artery with Synthetic Substitute, Percutaneous Endoscopic Approach","Coronary Artery Bypass Graft","Percutaneous Endoscopic Approach",FALSE
"02124J8","Bypass Coronary Artery, Three Arteries from Right Internal Mammary with Synthetic Substitute, Percutaneous Endoscopic Approach","Coronary Artery Bypass Graft","Percutaneous Endoscopic Approach",FALSE
"02124J9","Bypass Coronary Artery, Three Arteries from Left Internal Mammary with Synthetic Substitute, Percutaneous Endoscopic Approach","Coronary Artery Bypass Graft","Percutaneous Endoscopic Approach",FALSE
"02124JC","Bypass Coronary Artery, Three Arteries from Thoracic Artery with Synthetic Substitute, Percutaneous Endoscopic Approach","Coronary Artery Bypass Graft","Percutaneous Endoscopic Approach",FALSE
"02124JF","Bypass Coronary Artery, Three Arteries from Abdominal Artery with Synthetic Substitute, Percutaneous Endoscopic Approach","Coronary Artery Bypass Graft","Percutaneous Endoscopic Approach",FALSE
"02124JW","Bypass Coronary Artery, Three Arteries from Aorta with Synthetic Substitute, Percutaneous Endoscopic Approach","Coronary Artery Bypass Graft","Percutaneous Endoscopic Approach",FALSE
"02124K3","Bypass Coronary Artery, Three Arteries from Coronary Artery with Nonautologous Tissue Substitute, Percutaneous Endoscopic Approach","Coronary Artery Bypass Graft","Percutaneous Endoscopic Approach",FALSE
"02124K8","Bypass Coronary Artery, Three Arteries from Right Internal Mammary with Nonautologous Tissue Substitute, Percutaneous Endoscopic Approach","Coronary Artery Bypass Graft","Percutaneous Endoscopic Approach",FALSE
"02124K9","Bypass Coronary Artery, Three Arteries from Left Internal Mammary with Nonautologous Tissue Substitute, Percutaneous Endoscopic Approach","Coronary Artery Bypass Graft","Percutaneous Endoscopic Approach",FALSE
"02124KC","Bypass Coronary Artery, Three Arteries from Thoracic Artery with Nonautologous Tissue Substitute, Percutaneous Endoscopic Approach","Coronary Artery Bypass Graft","Percutaneous Endoscopic Approach",FALSE
"02124KF","Bypass Coronary Artery, Three Arteries from Abdominal Artery with Nonautologous Tissue Substitute, Percutaneous Endoscopic Approach","Coronary Artery Bypass Graft","Percutaneous Endoscopic Approach",FALSE
"02124KW","Bypass Coronary Artery, Three Arteries from Aorta with Nonautologous Tissue Substitute, Percutaneous Endoscopic Approach","Coronary Artery Bypass Graft","Percutaneous Endoscopic Approach",FALSE
"02124Z3","Bypass Coronary Artery, Three Arteries from Coronary Artery, Percutaneous Endoscopic Approach","Coronary Artery Bypass Graft","Percutaneous Endoscopic Approach",FALSE
"02124Z8","Bypass Coronary Artery, Three Arteries from Right Internal Mammary, Percutaneous Endoscopic Approach","Coronary Artery Bypass Graft","Percutaneous Endoscopic Approach",FALSE
"02124Z9","Bypass Coronary Artery, Three Arteries from Left Internal Mammary, Percutaneous Endoscopic Approach","Coronary Artery Bypass Graft","Percutaneous Endoscopic Approach",FALSE
"02124ZC","Bypass Coronary Artery, Three Arteries from Thoracic Artery, Percutaneous Endoscopic Approach","Coronary Artery Bypass Graft","Percutaneous Endoscopic Approach",FALSE
"02124ZF","Bypass Coronary Artery, Three Arteries from Abdominal Artery, Percutaneous Endoscopic Approach","Coronary Artery Bypass Graft","Percutaneous Endoscopic Approach",FALSE
"0213083","Bypass Coronary Artery, Four or More Arteries from Coronary Artery with Zooplastic Tissue, Open Approach","Coronary Artery Bypass Graft","Open Approach",FALSE
"0213088","Bypass Coronary Artery, Four or More Arteries from Right Internal Mammary with Zooplastic Tissue, Open Approach","Coronary Artery Bypass Graft","Open Approach",FALSE
"0213089","Bypass Coronary Artery, Four or More Arteries from Left Internal Mammary with Zooplastic Tissue, Open Approach","Coronary Artery Bypass Graft","Open Approach",FALSE
"021308C","Bypass Coronary Artery, Four or More Arteries from Thoracic Artery with Zooplastic Tissue, Open Approach","Coronary Artery Bypass Graft","Open Approach",FALSE
"021308F","Bypass Coronary Artery, Four or More Arteries from Abdominal Artery with Zooplastic Tissue, Open Approach","Coronary Artery Bypass Graft","Open Approach",FALSE
"021308W","Bypass Coronary Artery, Four or More Arteries from Aorta with Zooplastic Tissue, Open Approach","Coronary Artery Bypass Graft","Open Approach",FALSE
"0213093","Bypass Coronary Artery, Four or More Arteries from Coronary Artery with Autologous Venous Tissue, Open Approach","Coronary Artery Bypass Graft","Open Approach",FALSE
"0213098","Bypass Coronary Artery, Four or More Arteries from Right Internal Mammary with Autologous Venous Tissue, Open Approach","Coronary Artery Bypass Graft","Open Approach",FALSE
"0213099","Bypass Coronary Artery, Four or More Arteries from Left Internal Mammary with Autologous Venous Tissue, Open Approach","Coronary Artery Bypass Graft","Open Approach",FALSE
"021309C","Bypass Coronary Artery, Four or More Arteries from Thoracic Artery with Autologous Venous Tissue, Open Approach","Coronary Artery Bypass Graft","Open Approach",FALSE
"021309F","Bypass Coronary Artery, Four or More Arteries from Abdominal Artery with Autologous Venous Tissue, Open Approach","Coronary Artery Bypass Graft","Open Approach",FALSE
"021309W","Bypass Coronary Artery, Four or More Arteries from Aorta with Autologous Venous Tissue, Open Approach","Coronary Artery Bypass Graft","Open Approach",FALSE
"02130A3","Bypass Coronary Artery, Four or More Arteries from Coronary Artery with Autologous Arterial Tissue, Open Approach","Coronary Artery Bypass Graft","Open Approach",FALSE
"02130A8","Bypass Coronary Artery, Four or More Arteries from Right Internal Mammary with Autologous Arterial Tissue, Open Approach","Coronary Artery Bypass Graft","Open Approach",FALSE
"02130A9","Bypass Coronary Artery, Four or More Arteries from Left Internal Mammary with Autologous Arterial Tissue, Open Approach","Coronary Artery Bypass Graft","Open Approach",FALSE
"02130AC","Bypass Coronary Artery, Four or More Arteries from Thoracic Artery with Autologous Arterial Tissue, Open Approach","Coronary Artery Bypass Graft","Open Approach",FALSE
"02130AF","Bypass Coronary Artery, Four or More Arteries from Abdominal Artery with Autologous Arterial Tissue, Open Approach","Coronary Artery Bypass Graft","Open Approach",FALSE
"02130AW","Bypass Coronary Artery, Four or More Arteries from Aorta with Autologous Arterial Tissue, Open Approach","Coronary Artery Bypass Graft","Open Approach",FALSE
"02130J3","Bypass Coronary Artery, Four or More Arteries from Coronary Artery with Synthetic Substitute, Open Approach","Coronary Artery Bypass Graft","Open Approach",FALSE
"02130J8","Bypass Coronary Artery, Four or More Arteries from Right Internal Mammary with Synthetic Substitute, Open Approach","Coronary Artery Bypass Graft","Open Approach",FALSE
"02130J9","Bypass Coronary Artery, Four or More Arteries from Left Internal Mammary with Synthetic Substitute, Open Approach","Coronary Artery Bypass Graft","Open Approach",FALSE
"02130JC","Bypass Coronary Artery, Four or More Arteries from Thoracic Artery with Synthetic Substitute, Open Approach","Coronary Artery Bypass Graft","Open Approach",FALSE
"02130JF","Bypass Coronary Artery, Four or More Arteries from Abdominal Artery with Synthetic Substitute, Open Approach","Coronary Artery Bypass Graft","Open Approach",FALSE
"02130JW","Bypass Coronary Artery, Four or More Arteries from Aorta with Synthetic Substitute, Open Approach","Coronary Artery Bypass Graft","Open Approach",FALSE
"02130K3","Bypass Coronary Artery, Four or More Arteries from Coronary Artery with Nonautologous Tissue Substitute, Open Approach","Coronary Artery Bypass Graft","Open Approach",FALSE
"02130K8","Bypass Coronary Artery, Four or More Arteries from Right Internal Mammary with Nonautologous Tissue Substitute, Open Approach","Coronary Artery Bypass Graft","Open Approach",FALSE
"02130K9","Bypass Coronary Artery, Four or More Arteries from Left Internal Mammary with Nonautologous Tissue Substitute, Open Approach","Coronary Artery Bypass Graft","Open Approach",FALSE
"02130KC","Bypass Coronary Artery, Four or More Arteries from Thoracic Artery with Nonautologous Tissue Substitute, Open Approach","Coronary Artery Bypass Graft","Open Approach",FALSE
"02130KF","Bypass Coronary Artery, Four or More Arteries from Abdominal Artery with Nonautologous Tissue Substitute, Open Approach","Coronary Artery Bypass Graft","Open Approach",FALSE
"02130KW","Bypass Coronary Artery, Four or More Arteries from Aorta with Nonautologous Tissue Substitute, Open Approach","Coronary Artery Bypass Graft","Open Approach",FALSE
"02130Z3","Bypass Coronary Artery, Four or More Arteries from Coronary Artery, Open Approach","Coronary Artery Bypass Graft","Open Approach",FALSE
"02130Z8","Bypass Coronary Artery, Four or More Arteries from Right Internal Mammary, Open Approach","Coronary Artery Bypass Graft","Open Approach",FALSE
"02130Z9","Bypass Coronary Artery, Four or More Arteries from Left Internal Mammary, Open Approach","Coronary Artery Bypass Graft","Open Approach",FALSE
"02130ZC","Bypass Coronary Artery, Four or More Arteries from Thoracic Artery, Open Approach","Coronary Artery Bypass Graft","Open Approach",FALSE
"02130ZF","Bypass Coronary Artery, Four or More Arteries from Abdominal Artery, Open Approach","Coronary Artery Bypass Graft","Open Approach",FALSE
"0213344","Bypass Coronary Artery, Four or More Arteries from Coronary Vein with Drug-eluting Intraluminal Device, Percutaneous Approach","Coronary Artery Bypass Graft","Percutaneous Approach",FALSE
"02133D4","Bypass Coronary Artery, Four or More Arteries from Coronary Vein with Intraluminal Device, Percutaneous Approach","Coronary Artery Bypass Graft","Percutaneous Approach",FALSE
"0213444","Bypass Coronary Artery, Four or More Arteries from Coronary Vein with Drug-eluting Intraluminal Device, Percutaneous Endoscopic Approach","Coronary Artery Bypass Graft","Percutaneous Endoscopic Approach",FALSE
"0213483","Bypass Coronary Artery, Four or More Arteries from Coronary Artery with Zooplastic Tissue, Percutaneous Endoscopic Approach","Coronary Artery Bypass Graft","Percutaneous Endoscopic Approach",FALSE
"0213488","Bypass Coronary Artery, Four or More Arteries from Right Internal Mammary with Zooplastic Tissue, Percutaneous Endoscopic Approach","Coronary Artery Bypass Graft","Percutaneous Endoscopic Approach",FALSE
"0213489","Bypass Coronary Artery, Four or More Arteries from Left Internal Mammary with Zooplastic Tissue, Percutaneous Endoscopic Approach","Coronary Artery Bypass Graft","Percutaneous Endoscopic Approach",FALSE
"021348C","Bypass Coronary Artery, Four or More Arteries from Thoracic Artery with Zooplastic Tissue, Percutaneous Endoscopic Approach","Coronary Artery Bypass Graft","Percutaneous Endoscopic Approach",FALSE
"021348F","Bypass Coronary Artery, Four or More Arteries from Abdominal Artery with Zooplastic Tissue, Percutaneous Endoscopic Approach","Coronary Artery Bypass Graft","Percutaneous Endoscopic Approach",FALSE
"021348W","Bypass Coronary Artery, Four or More Arteries from Aorta with Zooplastic Tissue, Percutaneous Endoscopic Approach","Coronary Artery Bypass Graft","Percutaneous Endoscopic Approach",FALSE
"0213493","Bypass Coronary Artery, Four or More Arteries from Coronary Artery with Autologous Venous Tissue, Percutaneous Endoscopic Approach","Coronary Artery Bypass Graft","Percutaneous Endoscopic Approach",FALSE
"0213498","Bypass Coronary Artery, Four or More Arteries from Right Internal Mammary with Autologous Venous Tissue, Percutaneous Endoscopic Approach","Coronary Artery Bypass Graft","Percutaneous Endoscopic Approach",FALSE
"0213499","Bypass Coronary Artery, Four or More Arteries from Left Internal Mammary with Autologous Venous Tissue, Percutaneous Endoscopic Approach","Coronary Artery Bypass Graft","Percutaneous Endoscopic Approach",FALSE
"021349C","Bypass Coronary Artery, Four or More Arteries from Thoracic Artery with Autologous Venous Tissue, Percutaneous Endoscopic Approach","Coronary Artery Bypass Graft","Percutaneous Endoscopic Approach",FALSE
"021349F","Bypass Coronary Artery, Four or More Arteries from Abdominal Artery with Autologous Venous Tissue, Percutaneous Endoscopic Approach","Coronary Artery Bypass Graft","Percutaneous Endoscopic Approach",FALSE
"021349W","Bypass Coronary Artery, Four or More Arteries from Aorta with Autologous Venous Tissue, Percutaneous Endoscopic Approach","Coronary Artery Bypass Graft","Percutaneous Endoscopic Approach",FALSE
"02134A3","Bypass Coronary Artery, Four or More Arteries from Coronary Artery with Autologous Arterial Tissue, Percutaneous Endoscopic Approach","Coronary Artery Bypass Graft","Percutaneous Endoscopic Approach",FALSE
"02134A8","Bypass Coronary Artery, Four or More Arteries from Right Internal Mammary with Autologous Arterial Tissue, Percutaneous Endoscopic Approach","Coronary Artery Bypass Graft","Percutaneous Endoscopic Approach",FALSE
"02134A9","Bypass Coronary Artery, Four or More Arteries from Left Internal Mammary with Autologous Arterial Tissue, Percutaneous Endoscopic Approach","Coronary Artery Bypass Graft","Percutaneous Endoscopic Approach",FALSE
"02134AC","Bypass Coronary Artery, Four or More Arteries from Thoracic Artery with Autologous Arterial Tissue, Percutaneous Endoscopic Approach","Coronary Artery Bypass Graft","Percutaneous Endoscopic Approach",FALSE
"02134AF","Bypass Coronary Artery, Four or More Arteries from Abdominal Artery with Autologous Arterial Tissue, Percutaneous Endoscopic Approach","Coronary Artery Bypass Graft","Percutaneous Endoscopic Approach",FALSE
"02134AW","Bypass Coronary Artery, Four or More Arteries from Aorta with Autologous Arterial Tissue, Percutaneous Endoscopic Approach","Coronary Artery Bypass Graft","Percutaneous Endoscopic Approach",FALSE
"02134D4","Bypass Coronary Artery, Four or More Arteries from Coronary Vein with Intraluminal Device, Percutaneous Endoscopic Approach","Coronary Artery Bypass Graft","Percutaneous Endoscopic Approach",FALSE
"02134J3","Bypass Coronary Artery, Four or More Arteries from Coronary Artery with Synthetic Substitute, Percutaneous Endoscopic Approach","Coronary Artery Bypass Graft","Percutaneous Endoscopic Approach",FALSE
"02134J8","Bypass Coronary Artery, Four or More Arteries from Right Internal Mammary with Synthetic Substitute, Percutaneous Endoscopic Approach","Coronary Artery Bypass Graft","Percutaneous Endoscopic Approach",FALSE
"02134J9","Bypass Coronary Artery, Four or More Arteries from Left Internal Mammary with Synthetic Substitute, Percutaneous Endoscopic Approach","Coronary Artery Bypass Graft","Percutaneous Endoscopic Approach",FALSE
"02134JC","Bypass Coronary Artery, Four or More Arteries from Thoracic Artery with Synthetic Substitute, Percutaneous Endoscopic Approach","Coronary Artery Bypass Graft","Percutaneous Endoscopic Approach",FALSE
"02134JF","Bypass Coronary Artery, Four or More Arteries from Abdominal Artery with Synthetic Substitute, Percutaneous Endoscopic Approach","Coronary Artery Bypass Graft","Percutaneous Endoscopic Approach",FALSE
"02134JW","Bypass Coronary Artery, Four or More Arteries from Aorta with Synthetic Substitute, Percutaneous Endoscopic Approach","Coronary Artery Bypass Graft","Percutaneous Endoscopic Approach",FALSE
"02134K3","Bypass Coronary Artery, Four or More Arteries from Coronary Artery with Nonautologous Tissue Substitute, Percutaneous Endoscopic Approach","Coronary Artery Bypass Graft","Percutaneous Endoscopic Approach",FALSE
"02134K8","Bypass Coronary Artery, Four or More Arteries from Right Internal Mammary with Nonautologous Tissue Substitute, Percutaneous Endoscopic Approach","Coronary Artery Bypass Graft","Percutaneous Endoscopic Approach",FALSE
"02134K9","Bypass Coronary Artery, Four or More Arteries from Left Internal Mammary with Nonautologous Tissue Substitute, Percutaneous Endoscopic Approach","Coronary Artery Bypass Graft","Percutaneous Endoscopic Approach",FALSE
"02134KC","Bypass Coronary Artery, Four or More Arteries from Thoracic Artery with Nonautologous Tissue Substitute, Percutaneous Endoscopic Approach","Coronary Artery Bypass Graft","Percutaneous Endoscopic Approach",FALSE
"02134KF","Bypass Coronary Artery, Four or More Arteries from Abdominal Artery with Nonautologous Tissue Substitute, Percutaneous Endoscopic Approach","Coronary Artery Bypass Graft","Percutaneous Endoscopic Approach",FALSE
"02134KW","Bypass Coronary Artery, Four or More Arteries from Aorta with Nonautologous Tissue Substitute, Percutaneous Endoscopic Approach","Coronary Artery Bypass Graft","Percutaneous Endoscopic Approach",FALSE
"02134Z3","Bypass Coronary Artery, Four or More Arteries from Coronary Artery, Percutaneous Endoscopic Approach","Coronary Artery Bypass Graft","Percutaneous Endoscopic Approach",FALSE
"02134Z8","Bypass Coronary Artery, Four or More Arteries from Right Internal Mammary, Percutaneous Endoscopic Approach","Coronary Artery Bypass Graft","Percutaneous Endoscopic Approach",FALSE
"02134Z9","Bypass Coronary Artery, Four or More Arteries from Left Internal Mammary, Percutaneous Endoscopic Approach","Coronary Artery Bypass Graft","Percutaneous Endoscopic Approach",FALSE
"02134ZC","Bypass Coronary Artery, Four or More Arteries from Thoracic Artery, Percutaneous Endoscopic Approach","Coronary Artery Bypass Graft","Percutaneous Endoscopic Approach",FALSE
"02134ZF","Bypass Coronary Artery, Four or More Arteries from Abdominal Artery, Percutaneous Endoscopic Approach","Coronary Artery Bypass Graft","Percutaneous Endoscopic Approach",FALSE
"027F04Z","Dilation of Aortic Valve with Drug-eluting Intraluminal Device, Open Approach","Aortic Valve repair/replacement","Open Approach",FALSE
"027F0DZ","Dilation of Aortic Valve with Intraluminal Device, Open Approach","Aortic Valve repair/replacement","Open Approach",FALSE
"027F0ZZ","Dilation of Aortic Valve, Open Approach","Aortic Valve repair/replacement","Open Approach",FALSE
"027F34Z","Dilation of Aortic Valve with Drug-eluting Intraluminal Device, Percutaneous Approach","Aortic Valve repair/replacement","Percutaneous Approach",FALSE
"027F3DZ","Dilation of Aortic Valve with Intraluminal Device, Percutaneous Approach","Aortic Valve repair/replacement","Percutaneous Approach",FALSE
"027F3ZZ","Dilation of Aortic Valve, Percutaneous Approach","Aortic Valve repair/replacement","Percutaneous Approach",FALSE
"027F44Z","Dilation of Aortic Valve with Drug-eluting Intraluminal Device, Percutaneous Endoscopic Approach","Aortic Valve repair/replacement","Percutaneous Endoscopic Approach",FALSE
"027F4DZ","Dilation of Aortic Valve with Intraluminal Device, Percutaneous Endoscopic Approach","Aortic Valve repair/replacement","Percutaneous Endoscopic Approach",FALSE
"027F4ZZ","Dilation of Aortic Valve, Percutaneous Endoscopic Approach","Aortic Valve repair/replacement","Percutaneous Endoscopic Approach",FALSE
"027G04Z","Dilation of Mitral Valve with Drug-eluting Intraluminal Device, Open Approach","Mitral Valve repair/replacement","Open Approach",FALSE
"027G0DZ","Dilation of Mitral Valve with Intraluminal Device, Open Approach","Mitral Valve repair/replacement","Open Approach",FALSE
"027G0ZZ","Dilation of Mitral Valve, Open Approach","Mitral Valve repair/replacement","Open Approach",FALSE
"027G34Z","Dilation of Mitral Valve with Drug-eluting Intraluminal Device, Percutaneous Approach","Mitral Valve repair/replacement","Percutaneous Approach",FALSE
"027G3DZ","Dilation of Mitral Valve with Intraluminal Device, Percutaneous Approach","Mitral Valve repair/replacement","Percutaneous Approach",FALSE
"027G3ZZ","Dilation of Mitral Valve, Percutaneous Approach","Mitral Valve repair/replacement","Percutaneous Approach",FALSE
"027G44Z","Dilation of Mitral Valve with Drug-eluting Intraluminal Device, Percutaneous Endoscopic Approach","Mitral Valve repair/replacement","Percutaneous Endoscopic Approach",FALSE
"027G4DZ","Dilation of Mitral Valve with Intraluminal Device, Percutaneous Endoscopic Approach","Mitral Valve repair/replacement","Percutaneous Endoscopic Approach",FALSE
"027G4ZZ","Dilation of Mitral Valve, Percutaneous Endoscopic Approach","Mitral Valve repair/replacement","Percutaneous Endoscopic Approach",FALSE
"027J04Z","Dilation of Tricuspid Valve with Drug-eluting Intraluminal Device, Open Approach","Tricuspid Valve repair/replacement","Open Approach",FALSE
"027J0DZ","Dilation of Tricuspid Valve with Intraluminal Device, Open Approach","Tricuspid Valve repair/replacement","Open Approach",FALSE
"027J0ZZ","Dilation of Tricuspid Valve, Open Approach","Tricuspid Valve repair/replacement","Open Approach",FALSE
"027J34Z","Dilation of Tricuspid Valve with Drug-eluting Intraluminal Device, Percutaneous Approach","Tricuspid Valve repair/replacement","Percutaneous Approach",FALSE
"027J3DZ","Dilation of Tricuspid Valve with Intraluminal Device, Percutaneous Approach","Tricuspid Valve repair/replacement","Percutaneous Approach",FALSE
"027J3ZZ","Dilation of Tricuspid Valve, Percutaneous Approach","Tricuspid Valve repair/replacement","Percutaneous Approach",FALSE
"027J44Z","Dilation of Tricuspid Valve with Drug-eluting Intraluminal Device, Percutaneous Endoscopic Approach","Tricuspid Valve repair/replacement","Percutaneous Endoscopic Approach",FALSE
"027J4DZ","Dilation of Tricuspid Valve with Intraluminal Device, Percutaneous Endoscopic Approach","Tricuspid Valve repair/replacement","Percutaneous Endoscopic Approach",FALSE
"027J4ZZ","Dilation of Tricuspid Valve, Percutaneous Endoscopic Approach","Tricuspid Valve repair/replacement","Percutaneous Endoscopic Approach",FALSE
"02CF0ZZ","Extirpation of Matter from Aortic Valve, Open Approach","Aortic Valve repair/replacement","Open Approach",FALSE
"02CF3ZZ","Extirpation of Matter from Aortic Valve, Percutaneous Approach","Aortic Valve repair/replacement","Percutaneous Approach",FALSE
"02CF4ZZ","Extirpation of Matter from Aortic Valve, Percutaneous Endoscopic Approach","Aortic Valve repair/replacement","Percutaneous Endoscopic Approach",FALSE
"02CG0ZZ","Extirpation of Matter from Mitral Valve, Open Approach","Mitral Valve repair/replacement","Open Approach",FALSE
"02CG3ZZ","Extirpation of Matter from Mitral Valve, Percutaneous Approach","Mitral Valve repair/replacement","Percutaneous Approach",FALSE
"02CG4ZZ","Extirpation of Matter from Mitral Valve, Percutaneous Endoscopic Approach","Mitral Valve repair/replacement","Percutaneous Endoscopic Approach",FALSE
"02CJ0ZZ","Extirpation of Matter from Tricuspid Valve, Open Approach","Tricuspid Valve repair/replacement","Open Approach",FALSE
"02CJ3ZZ","Extirpation of Matter from Tricuspid Valve, Percutaneous Approach","Tricuspid Valve repair/replacement","Percutaneous Approach",FALSE
"02CJ4ZZ","Extirpation of Matter from Tricuspid Valve, Percutaneous Endoscopic Approach","Tricuspid Valve repair/replacement","Percutaneous Endoscopic Approach",FALSE
"02NF0ZZ","Release Aortic Valve, Open Approach","Aortic Valve repair/replacement","Open Approach",FALSE
"02NF3ZZ","Release Aortic Valve, Percutaneous Approach","Aortic Valve repair/replacement","Percutaneous Approach",FALSE
"02NF4ZZ","Release Aortic Valve, Percutaneous Endoscopic Approach","Aortic Valve repair/replacement","Percutaneous Endoscopic Approach",FALSE
"02NG0ZZ","Release Mitral Valve, Open Approach","Mitral Valve repair/replacement","Open Approach",FALSE
"02NG3ZZ","Release Mitral Valve, Percutaneous Approach","Mitral Valve repair/replacement","Percutaneous Approach",FALSE
"02NG4ZZ","Release Mitral Valve, Percutaneous Endoscopic Approach","Mitral Valve repair/replacement","Percutaneous Endoscopic Approach",FALSE
"02NJ0ZZ","Release Tricuspid Valve, Open Approach","Tricuspid Valve repair/replacement","Open Approach",FALSE
"02NJ3ZZ","Release Tricuspid Valve, Percutaneous Approach","Tricuspid Valve repair/replacement","Percutaneous Approach",FALSE
"02NJ4ZZ","Release Tricuspid Valve, Percutaneous Endoscopic Approach","Tricuspid Valve repair/replacement","Percutaneous Endoscopic Approach",FALSE
"02QF0ZJ","Repair Aortic Valve created from Truncal Valve, Open Approach","Aortic Valve repair/replacement","Open Approach",FALSE
"02QF0ZZ","Repair Aortic Valve, Open Approach","Aortic Valve repair/replacement","Open Approach",FALSE
"02QF3ZJ","Repair Aortic Valve created from Truncal Valve, Percutaneous Approach","Aortic Valve repair/replacement","Percutaneous Approach",FALSE
"02QF3ZZ","Repair Aortic Valve, Percutaneous Approach","Aortic Valve repair/replacement","Percutaneous Approach",FALSE
"02QF4ZJ","Repair Aortic Valve created from Truncal Valve, Percutaneous Endoscopic Approach","Aortic Valve repair/replacement","Percutaneous Endoscopic Approach",FALSE
"02QF4ZZ","Repair Aortic Valve, Percutaneous Endoscopic Approach","Aortic Valve repair/replacement","Percutaneous Endoscopic Approach",FALSE
"02QG0ZE","Repair Mitral Valve created from Left Atrioventricular Valve, Open Approach","Mitral Valve repair/replacement","Open Approach",FALSE
"02QG0ZZ","Repair Mitral Valve, Open Approach","Mitral Valve repair/replacement","Open Approach",FALSE
"02QG3ZE","Repair Mitral Valve created from Left Atrioventricular Valve, Percutaneous Approach","Mitral Valve repair/replacement","Percutaneous Approach",FALSE
"02QG3ZZ","Repair Mitral Valve, Percutaneous Approach","Mitral Valve repair/replacement","Percutaneous Approach",FALSE
"02QG4ZE","Repair Mitral Valve created from Left Atrioventricular Valve, Percutaneous Endoscopic Approach","Mitral Valve repair/replacement","Percutaneous Endoscopic Approach",FALSE
"02QG4ZZ","Repair Mitral Valve, Percutaneous Endoscopic Approach","Mitral Valve repair/replacement","Percutaneous Endoscopic Approach",FALSE
"02QJ0ZG","Repair Tricuspid Valve created from Right Atrioventricular Valve, Open Approach","Tricuspid Valve repair/replacement","Open Approach",FALSE
"02QJ0ZZ","Repair Tricuspid Valve, Open Approach","Tricuspid Valve repair/replacement","Open Approach",FALSE
"02QJ3ZG","Repair Tricuspid Valve created from Right Atrioventricular Valve, Percutaneous Approach","Tricuspid Valve repair/replacement","Percutaneous Approach",FALSE
"02QJ3ZZ","Repair Tricuspid Valve, Percutaneous Approach","Tricuspid Valve repair/replacement","Percutaneous Approach",FALSE
"02QJ4ZG","Repair Tricuspid Valve created from Right Atrioventricular Valve, Percutaneous Endoscopic Approach","Tricuspid Valve repair/replacement","Percutaneous Endoscopic Approach",FALSE
"02QJ4ZZ","Repair Tricuspid Valve, Percutaneous Endoscopic Approach","Tricuspid Valve repair/replacement","Percutaneous Endoscopic Approach",FALSE
"02RF07Z","Replacement of Aortic Valve with Autologous Tissue Substitute, Open Approach","Aortic Valve repair/replacement","Open Approach",TRUE
"02RF08N","Replacement of Aortic Valve with Zooplastic Tissue, using Rapid Deployment Technique, Open Approach","Aortic Valve repair/replacement","Open Approach",TRUE
"02RF08Z","Replacement of Aortic Valve with Zooplastic Tissue, Open Approach","Aortic Valve repair/replacement","Open Approach",TRUE
"02RF0JZ","Replacement of Aortic Valve with Synthetic Substitute, Open Approach","Aortic Valve repair/replacement","Open Approach",TRUE
"02RF0KZ","Replacement of Aortic Valve with Nonautologous Tissue Substitute, Open Approach","Aortic Valve repair/replacement","Open Approach",TRUE
"02RF37H","Replacement of Aortic Valve with Autologous Tissue Substitute, Transapical, Percutaneous Approach","Aortic Valve repair/replacement","Percutaneous Approach",TRUE
"02RF37Z","Replacement of Aortic Valve with Autologous Tissue Substitute, Percutaneous Approach","Aortic Valve repair/replacement","Percutaneous Approach",TRUE
"02RF38H","Replacement of Aortic Valve with Zooplastic Tissue, Transapical, Percutaneous Approach","Aortic Valve repair/replacement","Percutaneous Approach",TRUE
"02RF38N","Replacement of Aortic Valve with Zooplastic Tissue, using Rapid Deployment Technique, Percutaneous Approach","Aortic Valve repair/replacement","Percutaneous Approach",TRUE
"02RF38Z","Replacement of Aortic Valve with Zooplastic Tissue, Percutaneous Approach","Aortic Valve repair/replacement","Percutaneous Approach",TRUE
"02RF3JH","Replacement of Aortic Valve with Synthetic Substitute, Transapical, Percutaneous Approach","Aortic Valve repair/replacement","Percutaneous Approach",TRUE
"02RF3JZ","Replacement of Aortic Valve with Synthetic Substitute, Percutaneous Approach","Aortic Valve repair/replacement","Percutaneous Approach",TRUE
"02RF3KH","Replacement of Aortic Valve with Nonautologous Tissue Substitute, Transapical, Percutaneous Approach","Aortic Valve repair/replacement","Percutaneous Approach",TRUE
"02RF3KZ","Replacement of Aortic Valve with Nonautologous Tissue Substitute, Percutaneous Approach","Aortic Valve repair/replacement","Percutaneous Approach",TRUE
"02RF47Z","Replacement of Aortic Valve with Autologous Tissue Substitute, Percutaneous Endoscopic Approach","Aortic Valve repair/replacement","Percutaneous Endoscopic Approach",TRUE
"02RF48N","Replacement of Aortic Valve with Zooplastic Tissue, using Rapid Deployment Technique, Percutaneous Endoscopic Approach","Aortic Valve repair/replacement","Percutaneous Endoscopic Approach",TRUE
"02RF48Z","Replacement of Aortic Valve with Zooplastic Tissue, Percutaneous Endoscopic Approach","Aortic Valve repair/replacement","Percutaneous Endoscopic Approach",TRUE
"02RF4JZ","Replacement of Aortic Valve with Synthetic Substitute, Percutaneous Endoscopic Approach","Aortic Valve repair/replacement","Percutaneous Endoscopic Approach",TRUE
"02RF4KZ","Replacement of Aortic Valve with Nonautologous Tissue Substitute, Percutaneous Endoscopic Approach","Aortic Valve repair/replacement","Percutaneous Endoscopic Approach",TRUE
"02RG07Z","Replacement of Mitral Valve with Autologous Tissue Substitute, Open Approach","Mitral Valve repair/replacement","Open Approach",TRUE
"02RG08Z","Replacement of Mitral Valve with Zooplastic Tissue, Open Approach","Mitral Valve repair/replacement","Open Approach",TRUE
"02RG0JZ","Replacement of Mitral Valve with Synthetic Substitute, Open Approach","Mitral Valve repair/replacement","Open Approach",TRUE
"02RG0KZ","Replacement of Mitral Valve with Nonautologous Tissue Substitute, Open Approach","Mitral Valve repair/replacement","Open Approach",TRUE
"02RG37H","Replacement of Mitral Valve with Autologous Tissue Substitute, Transapical, Percutaneous Approach","Mitral Valve repair/replacement","Percutaneous Approach",TRUE
"02RG37Z","Replacement of Mitral Valve with Autologous Tissue Substitute, Percutaneous Approach","Mitral Valve repair/replacement","Percutaneous Approach",TRUE
"02RG38H","Replacement of Mitral Valve with Zooplastic Tissue, Transapical, Percutaneous Approach","Mitral Valve repair/replacement","Percutaneous Approach",TRUE
"02RG38Z","Replacement of Mitral Valve with Zooplastic Tissue, Percutaneous Approach","Mitral Valve repair/replacement","Percutaneous Approach",TRUE
"02RG3JH","Replacement of Mitral Valve with Synthetic Substitute, Transapical, Percutaneous Approach","Mitral Valve repair/replacement","Percutaneous Approach",TRUE
"02RG3JZ","Replacement of Mitral Valve with Synthetic Substitute, Percutaneous Approach","Mitral Valve repair/replacement","Percutaneous Approach",TRUE
"02RG3KH","Replacement of Mitral Valve with Nonautologous Tissue Substitute, Transapical, Percutaneous Approach","Mitral Valve repair/replacement","Percutaneous Approach",TRUE
"02RG3KZ","Replacement of Mitral Valve with Nonautologous Tissue Substitute, Percutaneous Approach","Mitral Valve repair/replacement","Percutaneous Approach",TRUE
"02RG47Z","Replacement of Mitral Valve with Autologous Tissue Substitute, Percutaneous Endoscopic Approach","Mitral Valve repair/replacement","Percutaneous Endoscopic Approach",TRUE
"02RG48Z","Replacement of Mitral Valve with Zooplastic Tissue, Percutaneous Endoscopic Approach","Mitral Valve repair/replacement","Percutaneous Endoscopic Approach",TRUE
"02RG4JZ","Replacement of Mitral Valve with Synthetic Substitute, Percutaneous Endoscopic Approach","Mitral Valve repair/replacement","Percutaneous Endoscopic Approach",TRUE
"02RG4KZ","Replacement of Mitral Valve with Nonautologous Tissue Substitute, Percutaneous Endoscopic Approach","Mitral Valve repair/replacement","Percutaneous Endoscopic Approach",TRUE
"02RJ07Z","Replacement of Tricuspid Valve with Autologous Tissue Substitute, Open Approach","Tricuspid Valve repair/replacement","Open Approach",TRUE
"02RJ08Z","Replacement of Tricuspid Valve with Zooplastic Tissue, Open Approach","Tricuspid Valve repair/replacement","Open Approach",TRUE
"02RJ0JZ","Replacement of Tricuspid Valve with Synthetic Substitute, Open Approach","Tricuspid Valve repair/replacement","Open Approach",TRUE
"02RJ0KZ","Replacement of Tricuspid Valve with Nonautologous Tissue Substitute, Open Approach","Tricuspid Valve repair/replacement","Open Approach",TRUE
"02RJ37H","Replacement of Tricuspid Valve with Autologous Tissue Substitute, Transapical, Percutaneous Approach","Tricuspid Valve repair/replacement","Percutaneous Approach",TRUE
"02RJ37Z","Replacement of Tricuspid Valve with Autologous Tissue Substitute, Percutaneous Approach","Tricuspid Valve repair/replacement","Percutaneous Approach",TRUE
"02RJ38H","Replacement of Tricuspid Valve with Zooplastic Tissue, Transapical, Percutaneous Approach","Tricuspid Valve repair/replacement","Percutaneous Approach",TRUE
"02RJ38Z","Replacement of Tricuspid Valve with Zooplastic Tissue, Percutaneous Approach","Tricuspid Valve repair/replacement","Percutaneous Approach",TRUE
"02RJ3JH","Replacement of Tricuspid Valve with Synthetic Substitute, Transapical, Percutaneous Approach","Tricuspid Valve repair/replacement","Percutaneous Approach",TRUE
"02RJ3JZ","Replacement of Tricuspid Valve with Synthetic Substitute, Percutaneous Approach","Tricuspid Valve repair/replacement","Percutaneous Approach",TRUE
"02RJ3KH","Replacement of Tricuspid Valve with Nonautologous Tissue Substitute, Transapical, Percutaneous Approach","Tricuspid Valve repair/replacement","Percutaneous Approach",TRUE
"02RJ3KZ","Replacement of Tricuspid Valve with Nonautologous Tissue Substitute, Percutaneous Approach","Tricuspid Valve repair/replacement","Percutaneous Approach",TRUE
"02RJ47Z","Replacement of Tricuspid Valve with Autologous Tissue Substitute, Percutaneous Endoscopic Approach","Tricuspid Valve repair/replacement","Percutaneous Endoscopic Approach",TRUE
"02RJ48Z","Replacement of Tricuspid Valve with Zooplastic Tissue, Percutaneous Endoscopic Approach","Tricuspid Valve repair/replacement","Percutaneous Endoscopic Approach",TRUE
"02RJ4JZ","Replacement of Tricuspid Valve with Synthetic Substitute, Percutaneous Endoscopic Approach","Tricuspid Valve repair/replacement","Percutaneous Endoscopic Approach",TRUE
"02RJ4KZ","Replacement of Tricuspid Valve with Nonautologous Tissue Substitute, Percutaneous Endoscopic Approach","Tricuspid Valve repair/replacement","Percutaneous Endoscopic Approach",TRUE
"02UF07J","Supplement Aortic Valve created from Truncal Valve with Autologous Tissue Substitute, Open Approach","Aortic Valve repair/replacement","Open Approach",FALSE
"02UF07Z","Supplement Aortic Valve with Autologous Tissue Substitute, Open Approach","Aortic Valve repair/replacement","Open Approach",FALSE
"02UF08J","Supplement Aortic Valve created from Truncal Valve with Zooplastic Tissue, Open Approach","Aortic Valve repair/replacement","Open Approach",FALSE
"02UF08Z","Supplement Aortic Valve with Zooplastic Tissue, Open Approach","Aortic Valve repair/replacement","Open Approach",FALSE
"02UF0JJ","Supplement Aortic Valve created from Truncal Valve with Synthetic Substitute, Open Approach","Aortic Valve repair/replacement","Open Approach",FALSE
"02UF0JZ","Supplement Aortic Valve with Synthetic Substitute, Open Approach","Aortic Valve repair/replacement","Open Approach",FALSE
"02UF0KJ","Supplement Aortic Valve created from Truncal Valve with Nonautologous Tissue Substitute, Open Approach","Aortic Valve repair/replacement","Open Approach",FALSE
"02UF0KZ","Supplement Aortic Valve with Nonautologous Tissue Substitute, Open Approach","Aortic Valve repair/replacement","Open Approach",FALSE
"02UF47J","Supplement Aortic Valve created from Truncal Valve with Autologous Tissue Substitute, Percutaneous Endoscopic Approach","Aortic Valve repair/replacement","Percutaneous Endoscopic Approach",FALSE
"02UF47Z","Supplement Aortic Valve with Autologous Tissue Substitute, Percutaneous Endoscopic Approach","Aortic Valve repair/replacement","Percutaneous Endoscopic Approach",FALSE
"02UF48J","Supplement Aortic Valve created from Truncal Valve with Zooplastic Tissue, Percutaneous Endoscopic Approach","Aortic Valve repair/replacement","Percutaneous Endoscopic Approach",FALSE
"02UF48Z","Supplement Aortic Valve with Zooplastic Tissue, Percutaneous Endoscopic Approach","Aortic Valve repair/replacement","Percutaneous Endoscopic Approach",FALSE
"02UF4JJ","Supplement Aortic Valve created from Truncal Valve with Synthetic Substitute, Percutaneous Endoscopic Approach","Aortic Valve repair/replacement","Percutaneous Endoscopic Approach",FALSE
"02UF4JZ","Supplement Aortic Valve with Synthetic Substitute, Percutaneous Endoscopic Approach","Aortic Valve repair/replacement","Percutaneous Endoscopic Approach",FALSE
"02UF4KJ","Supplement Aortic Valve created from Truncal Valve with Nonautologous Tissue Substitute, Percutaneous Endoscopic Approach","Aortic Valve repair/replacement","Percutaneous Endoscopic Approach",FALSE
"02UF4KZ","Supplement Aortic Valve with Nonautologous Tissue Substitute, Percutaneous Endoscopic Approach","Aortic Valve repair/replacement","Percutaneous Endoscopic Approach",FALSE
"02UG07E","Supplement Mitral Valve created from Left Atrioventricular Valve with Autologous Tissue Substitute, Open Approach","Mitral Valve repair/replacement","Open Approach",FALSE
"02UG07Z","Supplement Mitral Valve with Autologous Tissue Substitute, Open Approach","Mitral Valve repair/replacement","Open Approach",FALSE
"02UG08E","Supplement Mitral Valve created from Left Atrioventricular Valve with Zooplastic Tissue, Open Approach","Mitral Valve repair/replacement","Open Approach",FALSE
"02UG08Z","Supplement Mitral Valve with Zooplastic Tissue, Open Approach","Mitral Valve repair/replacement","Open Approach",FALSE
"02UG0JE","Supplement Mitral Valve created from Left Atrioventricular Valve with Synthetic Substitute, Open Approach","Mitral Valve repair/replacement","Open Approach",FALSE
"02UG0JZ","Supplement Mitral Valve with Synthetic Substitute, Open Approach","Mitral Valve repair/replacement","Open Approach",FALSE
"02UG0KE","Supplement Mitral Valve created from Left Atrioventricular Valve with Nonautologous Tissue Substitute, Open Approach","Mitral Valve repair/replacement","Open Approach",FALSE
"02UG0KZ","Supplement Mitral Valve with Nonautologous Tissue Substitute, Open Approach","Mitral Valve repair/replacement","Open Approach",FALSE
"02UG37E","Supplement Mitral Valve created from Left Atrioventricular Valve with Autologous Tissue Substitute, Percutaneous Approach","Mitral Valve repair/replacement","Percutaneous Approach",FALSE
"02UG37Z","Supplement Mitral Valve with Autologous Tissue Substitute, Percutaneous Approach","Mitral Valve repair/replacement","Percutaneous Approach",FALSE
"02UG38E","Supplement Mitral Valve created from Left Atrioventricular Valve with Zooplastic Tissue, Percutaneous Approach","Mitral Valve repair/replacement","Percutaneous Approach",FALSE
"02UG38Z","Supplement Mitral Valve with Zooplastic Tissue, Percutaneous Approach","Mitral Valve repair/replacement","Percutaneous Approach",FALSE
"02UG3JE","Supplement Mitral Valve created from Left Atrioventricular Valve with Synthetic Substitute, Percutaneous Approach","Mitral Valve repair/replacement","Percutaneous Approach",FALSE
"02UG3JZ","Supplement Mitral Valve with Synthetic Substitute, Percutaneous Approach","Mitral Valve repair/replacement","Percutaneous Approach",FALSE
"02UG3KE","Supplement Mitral Valve created from Left Atrioventricular Valve with Nonautologous Tissue Substitute, Percutaneous Approach","Mitral Valve repair/replacement","Percutaneous Approach",FALSE
"02UG3KZ","Supplement Mitral Valve with Nonautologous Tissue Substitute, Percutaneous Approach","Mitral Valve repair/replacement","Percutaneous Approach",FALSE
"02UG47E","Supplement Mitral Valve created from Left Atrioventricular Valve with Autologous Tissue Substitute, Percutaneous Endoscopic Approach","Mitral Valve repair/replacement","Percutaneous Endoscopic Approach",FALSE
"02UG47Z","Supplement Mitral Valve with Autologous Tissue Substitute, Percutaneous Endoscopic Approach","Mitral Valve repair/replacement","Percutaneous Endoscopic Approach",FALSE
"02UG48E","Supplement Mitral Valve created from Left Atrioventricular Valve with Zooplastic Tissue, Percutaneous Endoscopic Approach","Mitral Valve repair/replacement","Percutaneous Endoscopic Approach",FALSE
"02UG48Z","Supplement Mitral Valve with Zooplastic Tissue, Percutaneous Endoscopic Approach","Mitral Valve repair/replacement","Percutaneous Endoscopic Approach",FALSE
"02UG4JE","Supplement Mitral Valve created from Left Atrioventricular Valve with Synthetic Substitute, Percutaneous Endoscopic Approach","Mitral Valve repair/replacement","Percutaneous Endoscopic Approach",FALSE
"02UG4JZ","Supplement Mitral Valve with Synthetic Substitute, Percutaneous Endoscopic Approach","Mitral Valve repair/replacement","Percutaneous Endoscopic Approach",FALSE
"02UG4KE","Supplement Mitral Valve created from Left Atrioventricular Valve with Nonautologous Tissue Substitute, Percutaneous Endoscopic Approach","Mitral Valve repair/replacement","Percutaneous Endoscopic Approach",FALSE
"02UG4KZ","Supplement Mitral Valve with Nonautologous Tissue Substitute, Percutaneous Endoscopic Approach","Mitral Valve repair/replacement","Percutaneous Endoscopic Approach",FALSE
"02UJ07G","Supplement Tricuspid Valve created from Right Atrioventricular Valve with Autologous Tissue Substitute, Open Approach","Tricuspid Valve repair/replacement","Open Approach",FALSE
"02UJ07Z","Supplement Tricuspid Valve with Autologous Tissue Substitute, Open Approach","Tricuspid Valve repair/replacement","Open Approach",FALSE
"02UJ08G","Supplement Tricuspid Valve created from Right Atrioventricular Valve with Zooplastic Tissue, Open Approach","Tricuspid Valve repair/replacement","Open Approach",FALSE
"02UJ08Z","Supplement Tricuspid Valve with Zooplastic Tissue, Open Approach","Tricuspid Valve repair/replacement","Open Approach",FALSE
"02UJ0JG","Supplement Tricuspid Valve created from Right Atrioventricular Valve with Synthetic Substitute, Open Approach","Tricuspid Valve repair/replacement","Open Approach",FALSE
"02UJ0JZ","Supplement Tricuspid Valve with Synthetic Substitute, Open Approach","Tricuspid Valve repair/replacement","Open Approach",FALSE
"02UJ0KG","Supplement Tricuspid Valve created from Right Atrioventricular Valve with Nonautologous Tissue Substitute, Open Approach","Tricuspid Valve repair/replacement","Open Approach",FALSE
"02UJ0KZ","Supplement Tricuspid Valve with Nonautologous Tissue Substitute, Open Approach","Tricuspid Valve repair/replacement","Open Approach",FALSE
"02UJ47G","Supplement Tricuspid Valve created from Right Atrioventricular Valve with Autologous Tissue Substitute, Percutaneous Endoscopic Approach","Tricuspid Valve repair/replacement","Percutaneous Endoscopic Approach",FALSE
"02UJ47Z","Supplement Tricuspid Valve with Autologous Tissue Substitute, Percutaneous Endoscopic Approach","Tricuspid Valve repair/replacement","Percutaneous Endoscopic Approach",FALSE
"02UJ48G","Supplement Tricuspid Valve created from Right Atrioventricular Valve with Zooplastic Tissue, Percutaneous Endoscopic Approach","Tricuspid Valve repair/replacement","Percutaneous Endoscopic Approach",FALSE
"02UJ48Z","Supplement Tricuspid Valve with Zooplastic Tissue, Percutaneous Endoscopic Approach","Tricuspid Valve repair/replacement","Percutaneous Endoscopic Approach",FALSE
"02UJ4JG","Supplement Tricuspid Valve created from Right Atrioventricular Valve with Synthetic Substitute, Percutaneous Endoscopic Approach","Tricuspid Valve repair/replacement","Percutaneous Endoscopic Approach",FALSE
"02UJ4JZ","Supplement Tricuspid Valve with Synthetic Substitute, Percutaneous Endoscopic Approach","Tricuspid Valve repair/replacement","Percutaneous Endoscopic Approach",FALSE
"02UJ4KG","Supplement Tricuspid Valve created from Right Atrioventricular Valve with Nonautologous Tissue Substitute, Percutaneous Endoscopic Approach","Tricuspid Valve repair/replacement","Percutaneous Endoscopic Approach",FALSE
"02UJ4KZ","Supplement Tricuspid Valve with Nonautologous Tissue Substitute, Percutaneous Endoscopic Approach","Tricuspid Valve repair/replacement","Percutaneous Endoscopic Approach",FALSE
